Timestamp,Full Name,Job Title / Role,Department,Date Completed,Years in Current Role,"1.  How do you currently capture and record new sales leads? (e.g. notepad, spreadsheet, WhatsApp, CRM tool, email inbox?)",2.  What stages does a sales opportunity go through at your company — from the moment a lead shows interest to when they become a paying client?,"3.  How do you record client interactions such as meetings, calls, site visits, or product demonstrations?","4.  What information do you track per client or opportunity? (company name, contact person, product interest, deal size, probability of closing, next action?)",5.  How do you currently follow up with clients who have gone quiet or not responded in a while? Is there a reminder or calendar system?,"6.  How are individual and team sales targets set? Are they weekly, monthly, or quarterly? Who reviews them and how?",7.  How do you currently prepare a sales performance report? How long does it take and who requests it?,8.  How do you find out if a product a client is asking about is currently in stock or expected soon?,1.  What is the biggest single challenge in tracking your sales pipeline? Has a deal ever been lost because of a process gap?,2.  Do leads ever fall through the cracks — i.e. a client who showed interest but was never followed up with? How often and why?,"3.  How much time per week does the sales team spend on manual reporting, updating spreadsheets, or compiling pipeline updates?","4.  Do you currently have a clear view of which products or service categories clients are most interested in? If not, how does this affect your approach?",5.  Is it always clear which sales representative owns which client or deal? Have there been conflicts or duplicated outreach?,6.  Have you missed important follow-up deadlines with clients? What caused the miss and what was the impact?,"7.  Is it currently easy to send product brochures, pricing sheets, or promotional materials to a list of clients at once? What is the current process?",8.  What information do you wish you had about a client before going into a meeting or making a call?,1.  Would a visual CRM pipeline (New Lead → Contacted → Proposal Sent → Negotiation → Won / Lost) help you manage your pipeline better? What stages would you add or remove?,2.  How useful would automated follow-up reminders be? For example: PlacewareBot reminds you to follow up with a client last contacted 5 days ago. Would your team use this daily?,"3.  Would a bulk messaging feature — allowing you to send a single SMS or email to 50, 100, or 500 clients at once — save time? What types of messages would you send most often?",4.  Should PlacewareBot automatically generate a weekly sales performance report and email it to your manager every Monday morning?,"5.  How important is it to see a client's full purchase history (what they bought, when, how much, which sales rep handled it) directly in the CRM view?",6.  Would a deal probability score (e.g. 78% chance of closing based on client engagement) help you prioritise which opportunities to focus on?,"7.  Should managers be able to see each sales rep's individual pipeline, conversion rate, and activity level in a real-time leaderboard? Are there any concerns about this?",8.  If you could ask PlacewareBot a question in plain language — e.g. Which clients have not ordered in 60 days? — would you use this daily?,"SECTION 5 — FEATURE PRIORITY RANKING
Rate each feature from 1 (Not important) to 5 (Critical / Must have). Select one per row. [Visual CRM pipeline (drag-and-drop stages)]","SECTION 5 — FEATURE PRIORITY RANKING
Rate each feature from 1 (Not important) to 5 (Critical / Must have). Select one per row. [Automated follow-up reminders with deadlines]","SECTION 5 — FEATURE PRIORITY RANKING
Rate each feature from 1 (Not important) to 5 (Critical / Must have). Select one per row. [Bulk SMS / Email messaging to client lists]","SECTION 5 — FEATURE PRIORITY RANKING
Rate each feature from 1 (Not important) to 5 (Critical / Must have). Select one per row. [Client full purchase history in CRM]","SECTION 5 — FEATURE PRIORITY RANKING
Rate each feature from 1 (Not important) to 5 (Critical / Must have). Select one per row. [Weekly sales performance auto-report]","SECTION 5 — FEATURE PRIORITY RANKING
Rate each feature from 1 (Not important) to 5 (Critical / Must have). Select one per row. [Deal probability scoring]","SECTION 5 — FEATURE PRIORITY RANKING
Rate each feature from 1 (Not important) to 5 (Critical / Must have). Select one per row. [Sales rep leaderboard / activity tracker]","SECTION 5 — FEATURE PRIORITY RANKING
Rate each feature from 1 (Not important) to 5 (Critical / Must have). Select one per row. [Plain-language query interface (Ask PlacewareBot)]","SECTION 5 — FEATURE PRIORITY RANKING
Rate each feature from 1 (Not important) to 5 (Critical / Must have). Select one per row. [Product availability check from within CRM]","Please share any additional information, workflows, or concerns not covered above. Every detail helps us design the right solution for your team."
4/16/2026 11:46,Isola Sulymon,Regional Manager ,Sales,16/04/2026,6 years ,Whatsapp,"Sales opportunity go through from knowing my company,what and what needed, being able to convince them of timely response and solutions to their needs. ",Through WhatsApp and Jotting if need be.,"Information track per client are Company name,their Storage,Contact person,Product interested, deal size and Payment terms.",Visit the customer and know why they have gone quiet.,Monthly  ,"Through the system (sage package), weekly. Managing Director.",Put a call through to head office. ,"Yes, when there is out of stocks in the country ",No,2 to 3 hours ,Yes,No,No,Yes,Where were they buying from before and why they stop buying from the person.,Payment plans ,Yes,Whatsapp,Yes,Yes,Yes,No,Yes,3,2,3,3,4,4,4,4,4,
4/17/2026 8:38,Adefemi Ogunmokun,Sales Representative ,Sales,16/4/2026,6 years,I jot it down in my Diary and also save the contact on my phone.,"Most of the Sales Opportunity go through from the outset, except for clients that make enquiry and later buy.",It is always reported in the reports we submit at the beginning of every week.,"Company size, product interest, contact person.","I will do personal visit to the clients, though I am expected to visit often",Target are set for weekly and the Finance Manager with the MD reviews them.,Sales performance report is submitted every week and it is submitted to the finance manager,"I find out through our inventory department, they post it on the WhatsApp group of the company ",Price can be a challenge when tracking a sales,Not atall,"Once in a week, every monday",I have a clear view and understanding of products clients are interested in.,"It is always clear, there has never been conflict.","Yes, lagos traffic caused the miss and we had to find a way to reschedule.","Yes, it is easy, we have a comprehensive list of our clients, we share information with them whenever needed.",What the client wants. ,Yes,It will be very useful,"Yes
Product information 
Invites to Clinical meetings
Public holiday informations
","Yes
But will prefer it is done manually","Good, but Sage does that already.",Yes,"Yes
No concerns",Yes,3,3,5 – Critical,3,3,3,5 – Critical,4,2,"Promotional items for clients
Motivation for Clients in-terms of giving back."
4/17/2026 9:40,WAHAB ADEDAYO DEMILADE ,SALES REPRESENTATIVE ,SALES ,15/04/2026,2023,WhatsApp,Yes,Notepad ,All of the above ,"Through call, Visitation and whatsapp messages ","Weekly, monthly and quarterly ",Yes ,Through inventory department ,,No,5 time (every day),"Lantus, Mixstad, MMR, Flu, Varirid",It is always clear and there has been no conflict ,"Yes, caused by heavy traffic, though the meeting was reschedule ","It is manageable... Through waybill, and direct supply ","Hospital name, the service the client render, what how the client need to know about our products and services",Yes,Yes,"Yes... Update on products availability,  change in price.",Yes,Yes ,Yes,No concern about that,Yes,2,3,3,3,3,3,3,3,3,
4/17/2026 9:58,Jonathan Oluwaseun Isaac ,Sale Representative ,Sale,17/4/2026,9 years ,WhatsApp ,Yes,Site visits and phone call,All of the above ,Visiting and calling ,Weekly,Weekly ,Inventory department will inform us ,So many WhatsApp messages ,No ,Weekly ,Yes,No,So much ,Yes,Know your customer ,Add,Yes,Bulk sms,Yes,Visiting and calling ,,,,3,3,3,2,3,2,3,2,2,
