customer_id,customer_name,customer_type,industry,contact_name,phone,email,billing_address,city,state,country,credit_limit,payment_terms,current_balance,created_date,status
CST-001,Lagos University Teaching Hospital,wholesale,government_health,Dr. Abimbola Fashola,+234-1-5801000,procurement@luth.edu.ng,"Idi-Araba, Mushin",Lagos,Lagos,Nigeria,15000000.00,Net 30,2847500.00,2019-04-10,active
CST-002,Eko Hospitals Plc,wholesale,private_health,Pharm. Seun Adebayo,+234-1-4612200,pharmacy@ekohospitals.ng,"31 Hospital Road, Ikeja",Lagos,Lagos,Nigeria,12000000.00,Net 30,1560000.00,2019-06-15,active
CST-003,National Hospital Abuja,wholesale,government_health,Pharm. Maryam Aliyu,+234-9-5238000,procurement@nathosp.gov.ng,"Central Business District",Abuja,FCT,Nigeria,20000000.00,Net 45,4200000.00,2018-11-20,active
CST-004,Reddington Hospital,retail,private_health,Pharm. Chioma Obi,+234-1-2773200,pharmacy@reddington.ng,"12 Ogunnusi Road, GRA Ikeja",Lagos,Lagos,Nigeria,8000000.00,Net 30,875000.00,2020-01-08,active
CST-005,Zenith Medical Centre,retail,private_health,Admin. Babatunde Olatunji,+234-803-456-7001,admin@zenithmed.ng,"7 Victoria Island Expressway, VI",Lagos,Lagos,Nigeria,5000000.00,Net 30,0.00,2020-03-22,active
CST-006,University of Nigeria Teaching Hospital,wholesale,government_health,Dr. Obiageli Nwosu,+234-42-770034,procurement@unth.edu.ng,"Ituku-Ozalla",Enugu,Enugu,Nigeria,18000000.00,Net 45,3150000.00,2019-02-14,active
CST-007,Kersey Medical Pharmacy,retail,pharmacy,Pharm. Kehinde Ayeni,+234-1-2931400,stock@kerseymed.ng,"15 Allen Avenue, Ikeja",Lagos,Lagos,Nigeria,3000000.00,Net 15,342000.00,2021-05-11,active
CST-008,Amina Specialist Hospital,retail,private_health,Dr. Amina Garba,+234-9-8712300,ops@aminahospital.ng,"Plot 44, Gwarinpa Estate",Abuja,FCT,Nigeria,4000000.00,Net 30,610000.00,2021-07-30,active
CST-009,Medplus Pharmacy Ltd,distributor,pharmacy_chain,Pharm. Grace Iyasere,+234-1-4417400,procurement@medplus.ng,"15 Idowu Martins Street, Victoria Island",Lagos,Lagos,Nigeria,22000000.00,Net 45,5880000.00,2019-09-05,active
CST-010,Garki Hospital Abuja,wholesale,government_health,Pharm. Usman Bello,+234-9-2342200,pharmacy@garkihospital.gov.ng,"Area 7, Garki",Abuja,FCT,Nigeria,10000000.00,Net 30,1245000.00,2020-04-17,active
CST-011,HealthPlus Limited,distributor,pharmacy_chain,Pharm. Adaeze Egwu,+234-1-4486200,supply@healthplus.ng,"9 Acme Road, Ogba Business Hub",Lagos,Lagos,Nigeria,25000000.00,Net 60,7350000.00,2018-08-20,active
CST-012,St. Nicholas Hospital,retail,private_health,Pharm. Oluwafemi Collins,+234-1-2800400,pharmacy@stnicholas.ng,"57 Campbell Street, Lagos Island",Lagos,Lagos,Nigeria,6000000.00,Net 30,0.00,2020-06-03,active
CST-013,Ilorin Teaching Hospital,wholesale,government_health,Dr. Suleiman Abdullahi,+234-31-221400,procurement@uth-ilorin.edu.ng,"PMB 1459, Ilorin",Ilorin,Kwara,Nigeria,12000000.00,Net 45,2640000.00,2019-12-10,active
CST-014,Pharm-Access Nigeria,distributor,distributor,Mr. Olumide Adekunle,+234-1-2803600,orders@pharmaccess.ng,"51 Bode Thomas Street, Surulere",Lagos,Lagos,Nigeria,30000000.00,Net 60,9125000.00,2018-05-28,active
CST-015,Wesley Guild Hospital,retail,mission_health,Pharm. Funke Afolabi,+234-35-232030,pharmacy@wesleyguild.ng,"Ilesa",Ilesa,Osun,Nigeria,4000000.00,Net 30,480000.00,2021-02-14,active
CST-016,University of Ibadan Health Service,wholesale,government_health,Dr. Olalekan Adeyemi,+234-2-8103111,health@ui.edu.ng,"University Road, Ibadan",Ibadan,Oyo,Nigeria,8000000.00,Net 45,1800000.00,2020-07-09,active
CST-017,GoodCare Pharmacy And Stores,retail,pharmacy,Pharm. Chidinma Ogbonna,+234-815-678-9012,stock@goodcarepharm.ng,"22 Ogui Road, Enugu",Enugu,Enugu,Nigeria,2500000.00,Net 15,195000.00,2022-01-05,active
CST-018,Rivers State University Teaching Hospital,wholesale,government_health,Dr. Ebi Ogolo,+234-84-238200,procurement@rsuth.edu.ng,"Nkpolu-Oroworokwo, Port Harcourt",Port Harcourt,Rivers,Nigeria,15000000.00,Net 30,3420000.00,2019-10-22,active
CST-019,SkyMed Healthcare,retail,private_health,Admin. Toyin Adesanya,+234-807-123-4502,orders@skymedcare.ng,"Block B, Idowu Estate, Lekki",Lagos,Lagos,Nigeria,5000000.00,Net 30,560000.00,2021-09-14,active
CST-020,Bayero University Hospital,wholesale,government_health,Pharm. Abubakar Sani,+234-64-317600,pharmacy@bukmedcenter.edu.ng,"Gwarzo Road, Kano",Kano,Kano,Nigeria,10000000.00,Net 45,2100000.00,2020-03-08,active
CST-021,Clinix Healthcare Ltd,retail,private_health,Dr. Amaka Nzekwe,+234-1-2777400,admin@clinix.ng,"18 Medical Road, GRA Enugu",Enugu,Enugu,Nigeria,3500000.00,Net 30,315000.00,2022-04-19,active
CST-022,Afri Health Pharmacy,retail,pharmacy,Pharm. Rasheed Olawale,+234-809-234-5612,stock@afrihealthpharm.ng,"44 Awolowo Road, Ikoyi",Lagos,Lagos,Nigeria,2000000.00,Net 15,0.00,2022-06-27,active
CST-023,Murtala Mohammed Specialist Hospital,wholesale,government_health,Pharm. Hadiza Muazu,+234-64-631200,supply@mmsh.gov.ng,"Bompai Road, Kano",Kano,Kano,Nigeria,12000000.00,Net 45,2950000.00,2019-07-16,active
CST-024,Doyen Hospital Ltd,retail,private_health,Dr. Rotimi Olanrewaju,+234-1-8912300,admin@doyenhospital.ng,"5 Abayomi Street, Ilupeju",Lagos,Lagos,Nigeria,4500000.00,Net 30,0.00,2021-11-30,active
CST-025,Kano State Hospital Management Board,wholesale,government_health,Pharm. Mohammed Kabiru,+234-64-966100,procurement@kanohospitals.gov.ng,"Katsina Road, Kano",Kano,Kano,Nigeria,18000000.00,Net 60,4100000.00,2019-01-25,active
CST-026,Sure Pharm Stores,retail,pharmacy,Pharm. Ifeanyi Okoye,+234-803-789-1234,stock@surepharm.ng,"19 Okpara Avenue, Enugu",Enugu,Enugu,Nigeria,1800000.00,Net 15,135000.00,2022-08-10,active
CST-027,Memfys Hospital,retail,private_health,Dr. Nnamdi Agwu,+234-42-257300,pharmacy@memfys.ng,"Emene Industrial Layout, Enugu",Enugu,Enugu,Nigeria,5000000.00,Net 30,720000.00,2020-12-01,active
CST-028,Dalhatu Araf Specialist Hospital,wholesale,government_health,Pharm. Ibrahim Lafia,+234-47-222440,supply@dash-hospital.gov.ng,"Ibrahim Dasuki Road, Lafia",Lafia,Nasarawa,Nigeria,8000000.00,Net 45,1560000.00,2020-09-07,active
CST-029,Lagos Island General Hospital,wholesale,government_health,Pharm. Olumide Bankole,+234-1-2663000,procurement@ligh.gov.ng,"1 Lagos-Calabar Expressway, Lagos Island",Lagos,Lagos,Nigeria,14000000.00,Net 30,3010000.00,2019-03-20,active
CST-030,Alexa Pharmacy,retail,pharmacy,Pharm. Felicia Obioma,+234-807-456-7890,orders@alexapharm.ng,"14 Palace Road, Apapa",Lagos,Lagos,Nigeria,2000000.00,Net 15,180000.00,2022-10-14,active
CST-031,PharmaPlus Distribution,distributor,distributor,Mr. Emeka Udeh,+234-1-2931700,orders@pharmaplusdist.ng,"34 Tinubu Road, Apapa",Lagos,Lagos,Nigeria,35000000.00,Net 60,11250000.00,2018-02-14,active
CST-032,Delta State University Teaching Hospital,wholesale,government_health,Dr. Kingsley Omotor,+234-53-260200,procurement@delsuth.edu.ng,"P.M.B. 1008, Oghara",Abraka,Delta,Nigeria,12000000.00,Net 45,2200000.00,2020-02-28,active
CST-033,Nymex Pharmacy Chain,distributor,pharmacy_chain,Pharm. Nkiruka Anyanwu,+234-1-3423400,stock@nymexpharm.ng,"Block 5, Isale Eko Avenue, Lagos",Lagos,Lagos,Nigeria,20000000.00,Net 45,4680000.00,2019-11-11,active
CST-034,Ebeano Superstore Pharmacy,retail,pharmacy,Pharm. Obinna Eze,+234-9-8703245,pharmacy@ebeano.ng,"1 Mbanefo Street, Garki 2, Abuja",Abuja,FCT,Nigeria,3000000.00,Net 15,0.00,2022-03-08,active
CST-035,Ana Cristi Healthcare,retail,private_health,Admin. Aisha Yusuf,+234-805-000-1234,admin@anacristihealthcare.ng,"16 Tafawa Balewa Way, Kaduna",Kaduna,Kaduna,Nigeria,3500000.00,Net 30,420000.00,2022-07-31,active
CST-036,Ahmadu Bello University Teaching Hospital,wholesale,government_health,Dr. Shu'aibu Ibrahim,+234-62-314000,pharmacy@abuth.gov.ng,"Shika-Zaria, Kaduna State",Zaria,Kaduna,Nigeria,16000000.00,Net 45,3800000.00,2019-06-30,active
CST-037,Modupe Cole Memorial Child/Family Welfare,retail,government_health,Matron Shade Arowolo,+234-1-4926600,admin@modupecole.gov.ng,"Isale-Eko",Lagos,Lagos,Nigeria,2000000.00,Net 30,240000.00,2022-09-05,active
CST-038,Wuse General Hospital,wholesale,government_health,Pharm. Hauwa Lawal,+234-9-5239600,supply@wusegeneral.gov.ng,"Plot 750, Adetokunbo Ademola Crescent, Wuse 2",Abuja,FCT,Nigeria,8000000.00,Net 30,1450000.00,2020-11-16,active
CST-039,Sunnah Medical Centre,retail,private_health,Dr. Aliyu Garba,+234-803-345-6789,admin@sunnahmed.ng,"23 Sultan Road, Kaduna",Kaduna,Kaduna,Nigeria,2500000.00,Net 30,0.00,2023-01-22,active
CST-040,Benin Teaching Hospital,wholesale,government_health,Pharm. Ehigie Osaro,+234-52-240000,procurement@bth.edu.ng,"P.M.B. 1111, Benin City",Benin City,Edo,Nigeria,14000000.00,Net 45,3060000.00,2019-08-14,active
