employee_id,date,hours,reason
EMP-003,2025-09-02,8,Sick leave
EMP-007,2025-09-03,8,Sick leave
EMP-012,2025-09-04,8,Personal
EMP-015,2025-09-05,16,Sick leave
EMP-019,2025-09-08,8,Sick leave
EMP-011,2025-09-09,8,Family emergency
EMP-006,2025-09-10,8,Sick leave
EMP-017,2025-09-11,8,Personal
EMP-002,2025-09-15,8,Sick leave
EMP-020,2025-09-16,16,Sick leave
EMP-004,2025-09-18,8,Sick leave
EMP-008,2025-09-22,8,Personal
EMP-001,2025-10-01,8,Sick leave
EMP-005,2025-10-02,8,Personal
EMP-013,2025-10-06,8,Sick leave
EMP-018,2025-10-07,8,Sick leave
EMP-009,2025-10-08,8,Family emergency
EMP-016,2025-10-13,8,Sick leave
EMP-014,2025-10-14,8,Personal
EMP-020,2025-10-15,8,Sick leave
EMP-003,2025-10-20,8,Sick leave
EMP-007,2025-10-21,8,Personal
EMP-012,2025-10-23,8,Sick leave
EMP-011,2025-11-03,8,Sick leave
EMP-015,2025-11-04,8,Sick leave
EMP-002,2025-11-05,8,Personal
EMP-019,2025-11-06,8,Sick leave
EMP-006,2025-11-10,16,Family emergency
EMP-010,2025-11-11,8,Sick leave
EMP-017,2025-11-12,8,Sick leave
EMP-004,2025-11-17,8,Personal
EMP-014,2025-11-18,8,Sick leave
EMP-020,2025-11-19,8,Sick leave
EMP-008,2025-11-24,8,Sick leave
EMP-012,2025-12-01,8,Sick leave
EMP-005,2025-12-02,16,Family emergency
EMP-018,2025-12-03,8,Sick leave
EMP-007,2025-12-04,8,Personal
EMP-013,2025-12-08,8,Sick leave
EMP-003,2025-12-09,8,Sick leave
EMP-016,2025-12-10,8,Personal
EMP-011,2025-12-15,8,Sick leave
EMP-020,2025-12-16,16,Family emergency
EMP-009,2025-12-17,8,Sick leave
EMP-019,2025-12-18,8,Sick leave
EMP-002,2025-12-22,8,Personal
EMP-015,2025-12-23,8,Sick leave
EMP-004,2026-01-05,8,Sick leave
EMP-010,2026-01-06,8,Personal
EMP-017,2026-01-07,8,Sick leave
EMP-006,2026-01-08,8,Sick leave
EMP-014,2026-01-12,8,Family emergency
EMP-020,2026-01-13,8,Sick leave
EMP-001,2026-01-14,8,Personal
EMP-008,2026-01-19,8,Sick leave
EMP-012,2026-01-20,8,Sick leave
EMP-003,2026-01-21,8,Personal
EMP-011,2026-01-26,8,Sick leave
EMP-007,2026-01-27,8,Sick leave
EMP-016,2026-02-02,8,Sick leave
EMP-013,2026-02-03,8,Personal
EMP-018,2026-02-04,8,Sick leave
EMP-005,2026-02-09,8,Sick leave
EMP-009,2026-02-10,8,Sick leave
EMP-019,2026-02-11,8,Personal
EMP-020,2026-02-16,8,Sick leave
EMP-002,2026-02-17,8,Family emergency
EMP-015,2026-02-23,8,Sick leave
EMP-004,2026-02-24,8,Personal
