transaction_id,item_id,warehouse_id,transaction_type,quantity_in,quantity_out,unit_cost,reference_number,transaction_date,posted_by
TXN-0001,ITM-002,WH-001,purchase,200,0,8500.00,PO-2025-001,2025-01-15,Amina Okafor
TXN-0002,ITM-001,WH-001,purchase,500,0,2200.00,PO-2025-001,2025-01-15,Amina Okafor
TXN-0003,ITM-006,WH-001,purchase,400,0,3000.00,PO-2025-002,2025-01-20,Amina Okafor
TXN-0004,ITM-007,WH-001,purchase,300,0,4500.00,PO-2025-002,2025-01-20,Amina Okafor
TXN-0005,ITM-003,WH-001,purchase,300,0,3800.00,PO-2025-003,2025-01-28,Chukwu Adaeze
TXN-0006,ITM-005,WH-001,purchase,800,0,1100.00,PO-2025-003,2025-01-28,Chukwu Adaeze
TXN-0007,ITM-021,WH-001,purchase,2000,0,500.00,PO-2025-004,2025-02-05,Amina Okafor
TXN-0008,ITM-022,WH-001,purchase,1500,0,750.00,PO-2025-004,2025-02-05,Amina Okafor
TXN-0009,ITM-024,WH-001,purchase,2000,0,950.00,PO-2025-005,2025-02-10,Chukwu Adaeze
TXN-0010,ITM-023,WH-001,purchase,1800,0,600.00,PO-2025-005,2025-02-10,Chukwu Adaeze
TXN-0011,ITM-025,WH-001,purchase,600,0,1900.00,PO-2025-006,2025-02-18,Amina Okafor
TXN-0012,ITM-027,WH-001,purchase,500,0,2400.00,PO-2025-006,2025-02-18,Amina Okafor
TXN-0013,ITM-011,WH-001,purchase,200,0,7000.00,PO-2025-007,2025-02-25,Chukwu Adaeze
TXN-0014,ITM-061,WH-001,purchase,50,0,32000.00,PO-2025-008,2025-03-05,Amina Okafor
TXN-0015,ITM-062,WH-001,purchase,80,0,12000.00,PO-2025-008,2025-03-05,Amina Okafor
TXN-0016,ITM-008,WH-001,purchase,400,0,2900.00,PO-2025-009,2025-03-12,Chukwu Adaeze
TXN-0017,ITM-028,WH-001,purchase,2000,0,380.00,PO-2025-009,2025-03-12,Chukwu Adaeze
TXN-0018,ITM-033,WH-001,purchase,2000,0,320.00,PO-2025-010,2025-03-18,Amina Okafor
TXN-0019,ITM-041,WH-001,purchase,2000,0,420.00,PO-2025-010,2025-03-18,Amina Okafor
TXN-0020,ITM-047,WH-001,purchase,3000,0,220.00,PO-2025-011,2025-03-25,Chukwu Adaeze
TXN-0021,ITM-002,WH-001,purchase,250,0,8500.00,PO-2025-012,2025-04-08,Amina Okafor
TXN-0022,ITM-006,WH-001,purchase,500,0,3000.00,PO-2025-013,2025-04-14,Amina Okafor
TXN-0023,ITM-001,WH-001,purchase,600,0,2200.00,PO-2025-013,2025-04-14,Amina Okafor
TXN-0024,ITM-024,WH-001,purchase,2500,0,950.00,PO-2025-014,2025-04-20,Chukwu Adaeze
TXN-0025,ITM-021,WH-001,purchase,2500,0,500.00,PO-2025-014,2025-04-20,Chukwu Adaeze
TXN-0026,ITM-007,WH-001,purchase,400,0,4500.00,PO-2025-015,2025-05-06,Amina Okafor
TXN-0027,ITM-011,WH-001,purchase,250,0,7000.00,PO-2025-015,2025-05-06,Amina Okafor
TXN-0028,ITM-025,WH-001,purchase,700,0,1900.00,PO-2025-016,2025-05-14,Chukwu Adaeze
TXN-0029,ITM-027,WH-001,purchase,600,0,2400.00,PO-2025-016,2025-05-14,Chukwu Adaeze
TXN-0030,ITM-003,WH-001,purchase,400,0,3800.00,PO-2025-017,2025-05-20,Amina Okafor
TXN-0031,ITM-005,WH-001,purchase,1000,0,1100.00,PO-2025-017,2025-05-20,Amina Okafor
TXN-0032,ITM-041,WH-001,purchase,2500,0,420.00,PO-2025-018,2025-05-28,Chukwu Adaeze
TXN-0033,ITM-028,WH-001,purchase,2500,0,380.00,PO-2025-018,2025-05-28,Chukwu Adaeze
TXN-0034,ITM-022,WH-001,purchase,2000,0,750.00,PO-2025-019,2025-06-05,Amina Okafor
TXN-0035,ITM-023,WH-001,purchase,2000,0,600.00,PO-2025-019,2025-06-05,Amina Okafor
TXN-0036,ITM-062,WH-001,purchase,100,0,12000.00,PO-2025-020,2025-06-11,Chukwu Adaeze
TXN-0037,ITM-063,WH-001,purchase,500,0,1800.00,PO-2025-020,2025-06-11,Chukwu Adaeze
TXN-0038,ITM-002,WH-001,purchase,300,0,8500.00,PO-2025-021,2025-06-25,Amina Okafor
TXN-0039,ITM-006,WH-001,purchase,500,0,3000.00,PO-2025-022,2025-07-03,Amina Okafor
TXN-0040,ITM-007,WH-001,purchase,450,0,4500.00,PO-2025-022,2025-07-03,Amina Okafor
TXN-0041,ITM-011,WH-001,purchase,300,0,7000.00,PO-2025-023,2025-07-10,Chukwu Adaeze
TXN-0042,ITM-001,WH-001,purchase,700,0,2200.00,PO-2025-023,2025-07-10,Chukwu Adaeze
TXN-0043,ITM-024,WH-001,purchase,3000,0,950.00,PO-2025-024,2025-07-18,Amina Okafor
TXN-0044,ITM-021,WH-001,purchase,3000,0,500.00,PO-2025-024,2025-07-18,Amina Okafor
TXN-0045,ITM-025,WH-001,purchase,800,0,1900.00,PO-2025-025,2025-07-25,Chukwu Adaeze
TXN-0046,ITM-027,WH-001,purchase,700,0,2400.00,PO-2025-025,2025-07-25,Chukwu Adaeze
TXN-0047,ITM-047,WH-001,purchase,3500,0,220.00,PO-2025-026,2025-08-04,Amina Okafor
TXN-0048,ITM-033,WH-001,purchase,2500,0,320.00,PO-2025-026,2025-08-04,Amina Okafor
TXN-0049,ITM-003,WH-001,purchase,450,0,3800.00,PO-2025-027,2025-08-12,Chukwu Adaeze
TXN-0050,ITM-008,WH-001,purchase,500,0,2900.00,PO-2025-027,2025-08-12,Chukwu Adaeze
TXN-0051,ITM-022,WH-001,purchase,2500,0,750.00,PO-2025-028,2025-08-20,Amina Okafor
TXN-0052,ITM-023,WH-001,purchase,2500,0,600.00,PO-2025-028,2025-08-20,Amina Okafor
TXN-0053,ITM-041,WH-001,purchase,3000,0,420.00,PO-2025-029,2025-08-27,Chukwu Adaeze
TXN-0054,ITM-028,WH-001,purchase,3000,0,380.00,PO-2025-029,2025-08-27,Chukwu Adaeze
TXN-0055,ITM-002,WH-001,purchase,350,0,8500.00,PO-2025-030,2025-09-08,Amina Okafor
TXN-0056,ITM-011,WH-001,purchase,350,0,7000.00,PO-2025-031,2025-09-15,Chukwu Adaeze
TXN-0057,ITM-006,WH-001,purchase,550,0,3000.00,PO-2025-031,2025-09-15,Chukwu Adaeze
TXN-0058,ITM-007,WH-001,purchase,500,0,4500.00,PO-2025-032,2025-09-22,Amina Okafor
TXN-0059,ITM-001,WH-001,purchase,750,0,2200.00,PO-2025-032,2025-09-22,Amina Okafor
TXN-0060,ITM-025,WH-001,purchase,900,0,1900.00,PO-2025-033,2025-10-06,Chukwu Adaeze
TXN-0061,ITM-027,WH-001,purchase,800,0,2400.00,PO-2025-033,2025-10-06,Chukwu Adaeze
TXN-0062,ITM-024,WH-001,purchase,3500,0,950.00,PO-2025-034,2025-10-14,Amina Okafor
TXN-0063,ITM-021,WH-001,purchase,3500,0,500.00,PO-2025-034,2025-10-14,Amina Okafor
TXN-0064,ITM-047,WH-001,purchase,4000,0,220.00,PO-2025-035,2025-10-20,Chukwu Adaeze
TXN-0065,ITM-033,WH-001,purchase,3000,0,320.00,PO-2025-035,2025-10-20,Chukwu Adaeze
TXN-0066,ITM-003,WH-001,purchase,500,0,3800.00,PO-2025-036,2025-11-03,Amina Okafor
TXN-0067,ITM-005,WH-001,purchase,1200,0,1100.00,PO-2025-036,2025-11-03,Amina Okafor
TXN-0068,ITM-022,WH-001,purchase,3000,0,750.00,PO-2025-037,2025-11-10,Chukwu Adaeze
TXN-0069,ITM-023,WH-001,purchase,3000,0,600.00,PO-2025-037,2025-11-10,Chukwu Adaeze
TXN-0070,ITM-002,WH-001,purchase,400,0,8500.00,PO-2025-038,2025-11-18,Amina Okafor
TXN-0071,ITM-011,WH-001,purchase,400,0,7000.00,PO-2025-039,2025-12-03,Chukwu Adaeze
TXN-0072,ITM-006,WH-001,purchase,600,0,3000.00,PO-2025-040,2025-12-10,Amina Okafor
TXN-0073,ITM-007,WH-001,purchase,600,0,4500.00,PO-2025-040,2025-12-10,Amina Okafor
TXN-0074,ITM-041,WH-001,purchase,3500,0,420.00,PO-2025-041,2025-12-17,Chukwu Adaeze
TXN-0075,ITM-028,WH-001,purchase,3500,0,380.00,PO-2025-041,2025-12-17,Chukwu Adaeze
TXN-0076,ITM-001,WH-001,purchase,800,0,2200.00,PO-2025-042,2025-12-23,Amina Okafor
TXN-0077,ITM-025,WH-001,purchase,1000,0,1900.00,PO-2025-043,2026-01-08,Chukwu Adaeze
TXN-0078,ITM-027,WH-001,purchase,900,0,2400.00,PO-2025-043,2026-01-08,Chukwu Adaeze
TXN-0079,ITM-002,WH-001,purchase,450,0,8500.00,PO-2025-044,2026-01-15,Amina Okafor
TXN-0080,ITM-011,WH-001,purchase,450,0,7000.00,PO-2025-044,2026-01-15,Amina Okafor
TXN-0081,ITM-024,WH-001,purchase,4000,0,950.00,PO-2026-001,2026-01-22,Chukwu Adaeze
TXN-0082,ITM-021,WH-001,purchase,4000,0,500.00,PO-2026-001,2026-01-22,Chukwu Adaeze
TXN-0083,ITM-006,WH-001,purchase,700,0,3000.00,PO-2026-002,2026-02-05,Amina Okafor
TXN-0084,ITM-003,WH-001,purchase,550,0,3800.00,PO-2026-002,2026-02-05,Amina Okafor
TXN-0085,ITM-007,WH-001,sale,0,120,4500.00,INV-2025-001,2025-01-08,Lagos Dispatch
TXN-0086,ITM-002,WH-001,sale,0,80,8500.00,INV-2025-001,2025-01-08,Lagos Dispatch
TXN-0087,ITM-001,WH-001,sale,0,250,2200.00,INV-2025-002,2025-01-09,Lagos Dispatch
TXN-0088,ITM-006,WH-001,sale,0,300,3000.00,INV-2025-002,2025-01-09,Lagos Dispatch
TXN-0089,ITM-003,WH-001,sale,0,120,3800.00,INV-2025-003,2025-01-10,Lagos Dispatch
TXN-0090,ITM-021,WH-001,sale,0,800,500.00,INV-2025-003,2025-01-10,Lagos Dispatch
TXN-0091,ITM-024,WH-001,sale,0,350,950.00,INV-2025-004,2025-01-12,Lagos Dispatch
TXN-0092,ITM-022,WH-001,sale,0,400,750.00,INV-2025-004,2025-01-12,Lagos Dispatch
TXN-0093,ITM-011,WH-001,sale,0,80,7000.00,INV-2025-005,2025-01-14,Lagos Dispatch
TXN-0094,ITM-007,WH-001,sale,0,100,4500.00,INV-2025-005,2025-01-14,Lagos Dispatch
TXN-0095,ITM-001,WH-002,sale,0,200,2200.00,INV-2025-006,2025-01-15,Abuja Dispatch
TXN-0096,ITM-005,WH-002,sale,0,500,1100.00,INV-2025-006,2025-01-15,Abuja Dispatch
TXN-0097,ITM-024,WH-001,sale,0,300,950.00,INV-2025-007,2025-01-17,Lagos Dispatch
TXN-0098,ITM-023,WH-001,sale,0,420,600.00,INV-2025-007,2025-01-17,Lagos Dispatch
TXN-0099,ITM-006,WH-001,sale,0,120,3000.00,INV-2025-008,2025-01-20,Lagos Dispatch
TXN-0100,ITM-021,WH-001,sale,0,660,500.00,INV-2025-008,2025-01-20,Lagos Dispatch
TXN-0101,ITM-003,WH-002,sale,0,90,3800.00,INV-2025-009,2025-01-22,Abuja Dispatch
TXN-0102,ITM-028,WH-002,sale,0,650,380.00,INV-2025-009,2025-01-22,Abuja Dispatch
TXN-0103,ITM-041,WH-001,sale,0,500,420.00,INV-2025-010,2025-01-24,Lagos Dispatch
TXN-0104,ITM-023,WH-001,sale,0,426,600.00,INV-2025-010,2025-01-24,Lagos Dispatch
TXN-0105,ITM-002,WH-001,sale,0,90,8500.00,INV-2025-015,2025-02-04,Lagos Dispatch
TXN-0106,ITM-011,WH-001,sale,0,110,7000.00,INV-2025-015,2025-02-04,Lagos Dispatch
TXN-0107,ITM-006,WH-001,sale,0,250,3000.00,INV-2025-016,2025-02-05,Lagos Dispatch
TXN-0108,ITM-007,WH-001,sale,0,200,4500.00,INV-2025-016,2025-02-05,Lagos Dispatch
TXN-0109,ITM-001,WH-001,sale,0,180,2200.00,INV-2025-017,2025-02-07,Lagos Dispatch
TXN-0110,ITM-005,WH-001,sale,0,316,1100.00,INV-2025-017,2025-02-07,Lagos Dispatch
TXN-0111,ITM-003,WH-001,sale,0,160,3800.00,INV-2025-020,2025-02-14,Abuja Dispatch
TXN-0112,ITM-006,WH-002,sale,0,200,3000.00,INV-2025-020,2025-02-14,Abuja Dispatch
TXN-0113,ITM-002,WH-001,sale,0,100,8500.00,INV-2025-029,2025-03-03,Lagos Dispatch
TXN-0114,ITM-007,WH-001,sale,0,160,4500.00,INV-2025-029,2025-03-03,Lagos Dispatch
TXN-0115,ITM-001,WH-001,sale,0,300,2200.00,INV-2025-030,2025-03-05,Lagos Dispatch
TXN-0116,ITM-006,WH-001,sale,0,350,3000.00,INV-2025-030,2025-03-05,Lagos Dispatch
TXN-0117,ITM-024,WH-001,sale,0,400,950.00,INV-2025-045,2025-04-02,Lagos Dispatch
TXN-0118,ITM-011,WH-001,sale,0,100,7000.00,INV-2025-045,2025-04-02,Lagos Dispatch
TXN-0119,ITM-007,WH-001,sale,0,180,4500.00,INV-2025-046,2025-04-03,Lagos Dispatch
TXN-0120,ITM-006,WH-001,sale,0,260,3000.00,INV-2025-046,2025-04-03,Lagos Dispatch
TXN-0121,ITM-003,WH-002,sale,0,160,3800.00,INV-2025-049,2025-04-10,Abuja Dispatch
TXN-0122,ITM-001,WH-002,sale,0,194,2200.00,INV-2025-049,2025-04-10,Abuja Dispatch
TXN-0123,ITM-002,WH-001,sale,0,100,8500.00,INV-2025-059,2025-05-02,Lagos Dispatch
TXN-0124,ITM-007,WH-001,sale,0,160,4500.00,INV-2025-059,2025-05-02,Lagos Dispatch
TXN-0125,ITM-006,WH-001,sale,0,350,3000.00,INV-2025-060,2025-05-03,Lagos Dispatch
TXN-0126,ITM-001,WH-001,sale,0,300,2200.00,INV-2025-060,2025-05-03,Lagos Dispatch
TXN-0127,ITM-003,WH-001,sale,0,150,3800.00,INV-2025-061,2025-05-05,Lagos Dispatch
TXN-0128,ITM-005,WH-001,sale,0,347,1100.00,INV-2025-061,2025-05-05,Lagos Dispatch
TXN-0129,ITM-003,WH-002,sale,0,200,3800.00,INV-2025-063,2025-05-09,Abuja Dispatch
TXN-0130,ITM-001,WH-002,sale,0,228,2200.00,INV-2025-063,2025-05-09,Abuja Dispatch
TXN-0131,ITM-011,WH-001,sale,0,80,7000.00,INV-2025-075,2025-06-03,Lagos Dispatch
TXN-0132,ITM-002,WH-001,sale,0,90,8500.00,INV-2025-075,2025-06-03,Lagos Dispatch
TXN-0133,ITM-007,WH-001,sale,0,220,4500.00,INV-2025-076,2025-06-04,Lagos Dispatch
TXN-0134,ITM-006,WH-001,sale,0,230,3000.00,INV-2025-076,2025-06-04,Lagos Dispatch
TXN-0135,ITM-001,WH-002,sale,0,220,2200.00,INV-2025-079,2025-06-11,Abuja Dispatch
TXN-0136,ITM-005,WH-002,sale,0,572,1100.00,INV-2025-079,2025-06-11,Abuja Dispatch
TXN-0137,ITM-002,WH-001,sale,0,100,8500.00,INV-2025-089,2025-07-03,Lagos Dispatch
TXN-0138,ITM-007,WH-001,sale,0,190,4500.00,INV-2025-089,2025-07-03,Lagos Dispatch
TXN-0139,ITM-001,WH-001,sale,0,400,2200.00,INV-2025-090,2025-07-04,Lagos Dispatch
TXN-0140,ITM-006,WH-001,sale,0,330,3000.00,INV-2025-090,2025-07-04,Lagos Dispatch
TXN-0141,ITM-003,WH-002,sale,0,210,3800.00,INV-2025-093,2025-07-11,Abuja Dispatch
TXN-0142,ITM-001,WH-002,sale,0,270,2200.00,INV-2025-093,2025-07-11,Abuja Dispatch
TXN-0143,ITM-011,WH-001,sale,0,100,7000.00,INV-2025-105,2025-08-04,Lagos Dispatch
TXN-0144,ITM-002,WH-001,sale,0,110,8500.00,INV-2025-105,2025-08-04,Lagos Dispatch
TXN-0145,ITM-007,WH-001,sale,0,240,4500.00,INV-2025-106,2025-08-05,Lagos Dispatch
TXN-0146,ITM-006,WH-001,sale,0,330,3000.00,INV-2025-106,2025-08-05,Lagos Dispatch
TXN-0147,ITM-003,WH-002,sale,0,230,3800.00,INV-2025-109,2025-08-12,Abuja Dispatch
TXN-0148,ITM-001,WH-002,sale,0,270,2200.00,INV-2025-109,2025-08-12,Abuja Dispatch
TXN-0149,ITM-002,WH-001,sale,0,100,8500.00,INV-2025-121,2025-09-03,Lagos Dispatch
TXN-0150,ITM-011,WH-001,sale,0,120,7000.00,INV-2025-121,2025-09-03,Lagos Dispatch
TXN-0151,ITM-007,WH-001,sale,0,260,4500.00,INV-2025-122,2025-09-04,Lagos Dispatch
TXN-0152,ITM-006,WH-001,sale,0,237,3000.00,INV-2025-122,2025-09-04,Lagos Dispatch
TXN-0153,ITM-003,WH-002,sale,0,200,3800.00,INV-2025-125,2025-09-10,Abuja Dispatch
TXN-0154,ITM-001,WH-002,sale,0,228,2200.00,INV-2025-125,2025-09-10,Abuja Dispatch
TXN-0155,ITM-002,WH-001,sale,0,110,8500.00,INV-2025-135,2025-10-03,Lagos Dispatch
TXN-0156,ITM-011,WH-001,sale,0,130,7000.00,INV-2025-135,2025-10-03,Lagos Dispatch
TXN-0157,ITM-007,WH-001,sale,0,250,4500.00,INV-2025-136,2025-10-04,Lagos Dispatch
TXN-0158,ITM-006,WH-001,sale,0,300,3000.00,INV-2025-136,2025-10-04,Lagos Dispatch
TXN-0159,ITM-003,WH-002,sale,0,210,3800.00,INV-2025-139,2025-10-11,Abuja Dispatch
TXN-0160,ITM-001,WH-002,sale,0,241,2200.00,INV-2025-139,2025-10-11,Abuja Dispatch
TXN-0161,ITM-002,WH-001,sale,0,120,8500.00,INV-2025-151,2025-11-03,Lagos Dispatch
TXN-0162,ITM-011,WH-001,sale,0,128,7000.00,INV-2025-151,2025-11-03,Lagos Dispatch
TXN-0163,ITM-007,WH-001,sale,0,280,4500.00,INV-2025-152,2025-11-05,Lagos Dispatch
TXN-0164,ITM-006,WH-001,sale,0,303,3000.00,INV-2025-152,2025-11-05,Lagos Dispatch
TXN-0165,ITM-003,WH-002,sale,0,230,3800.00,INV-2025-155,2025-11-10,Abuja Dispatch
TXN-0166,ITM-001,WH-002,sale,0,238,2200.00,INV-2025-155,2025-11-10,Abuja Dispatch
TXN-0167,ITM-002,WH-001,sale,0,120,8500.00,INV-2025-167,2025-12-02,Lagos Dispatch
TXN-0168,ITM-011,WH-001,sale,0,138,7000.00,INV-2025-167,2025-12-02,Lagos Dispatch
TXN-0169,ITM-007,WH-001,sale,0,290,4500.00,INV-2025-168,2025-12-03,Lagos Dispatch
TXN-0170,ITM-006,WH-001,sale,0,310,3000.00,INV-2025-168,2025-12-03,Lagos Dispatch
TXN-0171,ITM-003,WH-002,sale,0,240,3800.00,INV-2025-171,2025-12-09,Abuja Dispatch
TXN-0172,ITM-001,WH-002,sale,0,251,2200.00,INV-2025-171,2025-12-09,Abuja Dispatch
TXN-0173,ITM-002,WH-001,sale,0,110,8500.00,INV-2026-001,2026-01-06,Lagos Dispatch
TXN-0174,ITM-011,WH-001,sale,0,120,7000.00,INV-2026-001,2026-01-06,Lagos Dispatch
TXN-0175,ITM-007,WH-001,sale,0,260,4500.00,INV-2026-002,2026-01-07,Lagos Dispatch
TXN-0176,ITM-006,WH-001,sale,0,257,3000.00,INV-2026-002,2026-01-07,Lagos Dispatch
TXN-0177,ITM-003,WH-001,sale,0,160,3800.00,INV-2026-003,2026-01-08,Lagos Dispatch
TXN-0178,ITM-006,WH-001,sale,0,116,3000.00,INV-2026-003,2026-01-08,Lagos Dispatch
TXN-0179,ITM-003,WH-002,sale,0,200,3800.00,INV-2026-005,2026-01-12,Abuja Dispatch
TXN-0180,ITM-001,WH-002,sale,0,214,2200.00,INV-2026-005,2026-01-12,Abuja Dispatch
TXN-0181,ITM-002,WH-001,sale,0,80,8500.00,INV-2026-013,2026-02-04,Lagos Dispatch
TXN-0182,ITM-011,WH-001,sale,0,91,7000.00,INV-2026-013,2026-02-04,Lagos Dispatch
TXN-0183,ITM-007,WH-001,sale,0,190,4500.00,INV-2026-014,2026-02-06,Lagos Dispatch
TXN-0184,ITM-006,WH-001,sale,0,200,3000.00,INV-2026-014,2026-02-06,Lagos Dispatch
TXN-0185,ITM-001,WH-001,transfer,120,0,2200.00,TRNF-2025-001,2025-03-30,Warehouse Mgr
TXN-0186,ITM-001,WH-002,transfer,0,120,2200.00,TRNF-2025-001,2025-03-30,Warehouse Mgr
TXN-0187,ITM-021,WH-001,transfer,200,0,500.00,TRNF-2025-002,2025-04-15,Warehouse Mgr
TXN-0188,ITM-021,WH-002,transfer,0,200,500.00,TRNF-2025-002,2025-04-15,Warehouse Mgr
TXN-0189,ITM-024,WH-001,transfer,150,0,950.00,TRNF-2025-003,2025-05-20,Warehouse Mgr
TXN-0190,ITM-024,WH-003,transfer,0,150,950.00,TRNF-2025-003,2025-05-20,Warehouse Mgr
TXN-0191,ITM-006,WH-001,transfer,100,0,3000.00,TRNF-2025-004,2025-06-18,Warehouse Mgr
TXN-0192,ITM-006,WH-002,transfer,0,100,3000.00,TRNF-2025-004,2025-06-18,Warehouse Mgr
TXN-0193,ITM-022,WH-001,transfer,200,0,750.00,TRNF-2025-005,2025-07-28,Warehouse Mgr
TXN-0194,ITM-022,WH-003,transfer,0,200,750.00,TRNF-2025-005,2025-07-28,Warehouse Mgr
TXN-0195,ITM-003,WH-001,transfer,80,0,3800.00,TRNF-2025-006,2025-08-30,Warehouse Mgr
TXN-0196,ITM-003,WH-003,transfer,0,80,3800.00,TRNF-2025-006,2025-08-30,Warehouse Mgr
TXN-0197,ITM-041,WH-001,transfer,300,0,420.00,TRNF-2025-007,2025-09-25,Warehouse Mgr
TXN-0198,ITM-041,WH-002,transfer,0,300,420.00,TRNF-2025-007,2025-09-25,Warehouse Mgr
TXN-0199,ITM-001,WH-001,transfer,100,0,2200.00,TRNF-2025-008,2025-10-30,Warehouse Mgr
TXN-0200,ITM-001,WH-003,transfer,0,100,2200.00,TRNF-2025-008,2025-10-30,Warehouse Mgr
TXN-0201,ITM-005,WH-001,transfer,200,0,1100.00,TRNF-2025-009,2025-11-28,Warehouse Mgr
TXN-0202,ITM-005,WH-002,transfer,0,200,1100.00,TRNF-2025-009,2025-11-28,Warehouse Mgr
TXN-0203,ITM-028,WH-001,transfer,150,0,380.00,TRNF-2025-010,2025-12-20,Warehouse Mgr
TXN-0204,ITM-028,WH-003,transfer,0,150,380.00,TRNF-2025-010,2025-12-20,Warehouse Mgr
TXN-0205,ITM-002,WH-001,adjustment,-30,30,8500.00,ADJ-2025-001,2025-03-31,QA Manager
TXN-0206,ITM-006,WH-001,adjustment,-15,15,3000.00,ADJ-2025-002,2025-04-30,QA Manager
TXN-0207,ITM-021,WH-001,adjustment,-50,50,500.00,ADJ-2025-003,2025-06-30,QA Manager
TXN-0208,ITM-024,WH-001,adjustment,-25,25,950.00,ADJ-2025-004,2025-07-31,QA Manager
TXN-0209,ITM-047,WH-001,adjustment,-100,100,220.00,ADJ-2025-005,2025-09-30,QA Manager
TXN-0210,ITM-011,WH-001,adjustment,-10,10,7000.00,ADJ-2025-006,2025-10-31,QA Manager
TXN-0211,ITM-025,WH-001,adjustment,-20,20,1900.00,ADJ-2025-007,2025-11-30,QA Manager
TXN-0212,ITM-003,WH-001,adjustment,-12,12,3800.00,ADJ-2025-008,2025-12-31,QA Manager
TXN-0213,ITM-037,WH-001,purchase,120,0,6200.00,PO-2025-045,2025-06-01,Amina Okafor
TXN-0214,ITM-051,WH-001,purchase,150,0,9200.00,PO-2025-046,2025-07-05,Chukwu Adaeze
TXN-0215,ITM-031,WH-001,purchase,400,0,1900.00,PO-2025-047,2025-08-08,Amina Okafor
TXN-0216,ITM-037,WH-001,sale,0,50,6200.00,INV-2025-068,2025-05-19,Lagos Dispatch
TXN-0217,ITM-051,WH-001,sale,0,90,9200.00,INV-2025-098,2025-07-20,Lagos Dispatch
TXN-0218,ITM-031,WH-001,sale,0,185,1900.00,INV-2025-114,2025-08-21,Lagos Dispatch
TXN-0219,ITM-037,WH-001,sale,0,28,6200.00,INV-2025-143,2025-10-19,Lagos Dispatch
TXN-0220,ITM-051,WH-001,sale,0,25,9200.00,INV-2025-159,2025-11-18,Lagos Dispatch
