po_id,po_number,vendor_id,order_date,expected_delivery_date,total_amount,tax_amount,status,warehouse_id,created_by
PO-2025-001,PO/2025/001,VND-001,2025-01-08,2025-01-28,8450000.00,633750.00,closed,WH-001,admin
PO-2025-002,PO/2025/002,VND-003,2025-01-10,2025-01-30,4200000.00,315000.00,closed,WH-001,admin
PO-2025-003,PO/2025/003,VND-007,2025-01-12,2025-01-25,1850000.00,138750.00,closed,WH-001,admin
PO-2025-004,PO/2025/004,VND-008,2025-01-15,2025-01-28,1320000.00,99000.00,closed,WH-001,admin
PO-2025-005,PO/2025/005,VND-005,2025-01-20,2025-02-05,680000.00,51000.00,closed,WH-001,admin
PO-2025-006,PO/2025/006,VND-004,2025-01-22,2025-02-20,6100000.00,457500.00,closed,WH-001,admin
PO-2025-007,PO/2025/007,VND-002,2025-02-03,2025-02-28,5800000.00,435000.00,closed,WH-001,admin
PO-2025-008,PO/2025/008,VND-006,2025-02-05,2025-03-10,9200000.00,690000.00,closed,WH-001,admin
PO-2025-009,PO/2025/009,VND-007,2025-02-10,2025-02-25,2100000.00,157500.00,closed,WH-001,admin
PO-2025-010,PO/2025/010,VND-008,2025-02-12,2025-02-26,1680000.00,126000.00,closed,WH-001,admin
PO-2025-011,PO/2025/011,VND-001,2025-02-18,2025-03-15,11200000.00,840000.00,closed,WH-001,admin
PO-2025-012,PO/2025/012,VND-005,2025-02-20,2025-03-08,920000.00,69000.00,closed,WH-002,admin
PO-2025-013,PO/2025/013,VND-003,2025-03-04,2025-03-28,5600000.00,420000.00,closed,WH-001,admin
PO-2025-014,PO/2025/014,VND-004,2025-03-08,2025-04-05,7400000.00,555000.00,closed,WH-001,admin
PO-2025-015,PO/2025/015,VND-009,2025-03-10,2025-03-22,380000.00,28500.00,closed,WH-001,admin
PO-2025-016,PO/2025/016,VND-007,2025-03-15,2025-03-30,2800000.00,210000.00,closed,WH-001,admin
PO-2025-017,PO/2025/017,VND-008,2025-03-18,2025-04-02,2100000.00,157500.00,closed,WH-001,admin
PO-2025-018,PO/2025/018,VND-002,2025-04-02,2025-04-28,6200000.00,465000.00,closed,WH-001,admin
PO-2025-019,PO/2025/019,VND-006,2025-04-05,2025-05-05,10800000.00,810000.00,closed,WH-001,admin
PO-2025-020,PO/2025/020,VND-001,2025-04-10,2025-05-08,9600000.00,720000.00,closed,WH-001,admin
PO-2025-021,PO/2025/021,VND-005,2025-04-15,2025-05-02,1100000.00,82500.00,closed,WH-002,admin
PO-2025-022,PO/2025/022,VND-007,2025-04-20,2025-05-05,3100000.00,232500.00,closed,WH-001,admin
PO-2025-023,PO/2025/023,VND-003,2025-05-06,2025-06-02,6800000.00,510000.00,closed,WH-001,admin
PO-2025-024,PO/2025/024,VND-008,2025-05-12,2025-05-28,2400000.00,180000.00,closed,WH-001,admin
PO-2025-025,PO/2025/025,VND-004,2025-05-20,2025-06-18,8200000.00,615000.00,closed,WH-001,admin
PO-2025-026,PO/2025/026,VND-010,2025-05-22,2025-06-05,520000.00,39000.00,closed,WH-003,admin
PO-2025-027,PO/2025/027,VND-001,2025-06-03,2025-07-01,12400000.00,930000.00,closed,WH-001,admin
PO-2025-028,PO/2025/028,VND-007,2025-06-10,2025-06-25,2650000.00,198750.00,closed,WH-001,admin
PO-2025-029,PO/2025/029,VND-002,2025-06-15,2025-07-12,7100000.00,532500.00,closed,WH-001,admin
PO-2025-030,PO/2025/030,VND-006,2025-07-02,2025-08-02,11500000.00,862500.00,closed,WH-001,admin
PO-2025-031,PO/2025/031,VND-003,2025-07-08,2025-08-05,7200000.00,540000.00,closed,WH-001,admin
PO-2025-032,PO/2025/032,VND-008,2025-07-15,2025-07-30,2800000.00,210000.00,closed,WH-001,admin
PO-2025-033,PO/2025/033,VND-005,2025-07-20,2025-08-06,1450000.00,108750.00,closed,WH-002,admin
PO-2025-034,PO/2025/034,VND-001,2025-08-04,2025-09-02,14200000.00,1065000.00,closed,WH-001,admin
PO-2025-035,PO/2025/035,VND-004,2025-08-12,2025-09-10,9100000.00,682500.00,closed,WH-001,admin
PO-2025-036,PO/2025/036,VND-007,2025-08-20,2025-09-05,3400000.00,255000.00,closed,WH-001,admin
PO-2025-037,PO/2025/037,VND-002,2025-09-03,2025-10-01,8100000.00,607500.00,closed,WH-001,admin
PO-2025-038,PO/2025/038,VND-006,2025-09-10,2025-10-10,12800000.00,960000.00,closed,WH-001,admin
PO-2025-039,PO/2025/039,VND-008,2025-09-18,2025-10-03,3100000.00,232500.00,closed,WH-001,admin
PO-2025-040,PO/2025/040,VND-010,2025-09-22,2025-10-06,680000.00,51000.00,closed,WH-003,admin
PO-2025-041,PO/2025/041,VND-001,2025-10-06,2025-11-04,16500000.00,1237500.00,closed,WH-001,admin
PO-2025-042,PO/2025/042,VND-003,2025-10-14,2025-11-11,8400000.00,630000.00,closed,WH-001,admin
PO-2025-043,PO/2025/043,VND-007,2025-10-20,2025-11-05,3800000.00,285000.00,closed,WH-001,admin
PO-2025-044,PO/2025/044,VND-005,2025-10-25,2025-11-10,1800000.00,135000.00,closed,WH-002,admin
PO-2025-045,PO/2025/045,VND-004,2025-11-04,2025-12-03,10200000.00,765000.00,closed,WH-001,admin
PO-2025-046,PO/2025/046,VND-002,2025-11-10,2025-12-08,9400000.00,705000.00,closed,WH-001,admin
PO-2025-047,PO/2025/047,VND-006,2025-11-18,2025-12-18,13600000.00,1020000.00,closed,WH-001,admin
PO-2025-048,PO/2025/048,VND-008,2025-11-22,2025-12-08,3500000.00,262500.00,closed,WH-001,admin
PO-2025-049,PO/2025/049,VND-009,2025-11-25,2025-12-10,480000.00,36000.00,closed,WH-001,admin
PO-2025-050,PO/2025/050,VND-001,2025-12-05,2026-01-08,18200000.00,1365000.00,closed,WH-001,admin
PO-2025-051,PO/2025/051,VND-003,2025-12-10,2026-01-12,9600000.00,720000.00,partial,WH-001,admin
PO-2025-052,PO/2025/052,VND-007,2025-12-15,2026-01-05,4200000.00,315000.00,closed,WH-001,admin
PO-2026-001,PO/2026/001,VND-004,2026-01-06,2026-02-04,11400000.00,855000.00,closed,WH-001,admin
PO-2026-002,PO/2026/002,VND-006,2026-01-12,2026-02-12,14800000.00,1110000.00,partial,WH-001,admin
PO-2026-003,PO/2026/003,VND-002,2026-01-18,2026-02-18,10200000.00,765000.00,closed,WH-001,admin
PO-2026-004,PO/2026/004,VND-005,2026-01-22,2026-02-08,2100000.00,157500.00,closed,WH-002,admin
PO-2026-005,PO/2026/005,VND-001,2026-02-03,2026-03-05,21000000.00,1575000.00,partial,WH-001,admin
PO-2026-006,PO/2026/006,VND-008,2026-02-10,2026-02-25,4800000.00,360000.00,closed,WH-001,admin
PO-2026-007,PO/2026/007,VND-003,2026-02-18,2026-03-18,12400000.00,930000.00,open,WH-001,admin
PO-2026-008,PO/2026/008,VND-007,2026-02-20,2026-03-10,5600000.00,420000.00,open,WH-001,admin
PO-2026-009,PO/2026/009,VND-004,2026-03-01,2026-04-01,13800000.00,1035000.00,open,WH-001,admin
PO-2026-010,PO/2026/010,VND-009,2026-03-03,2026-03-15,680000.00,51000.00,open,WH-001,admin
