invoice_id,invoice_number,customer_id,invoice_date,due_date,total_amount,tax_amount,discount_amount,net_amount,status,sales_rep,warehouse_id,created_at
INV-2025-001,INV/2025/001,CST-014,2025-01-08,2025-03-08,1989250.00,138750.00,37000.00,1850000.00,paid,Babatunde Cole,WH-001,2025-01-08
INV-2025-002,INV/2025/002,CST-031,2025-01-09,2025-03-09,2365000.00,165000.00,44000.00,2200000.00,paid,Babatunde Cole,WH-001,2025-01-09
INV-2025-003,INV/2025/003,CST-001,2025-01-10,2025-02-09,1451250.00,101250.00,0.00,1350000.00,paid,Taiwo Oladapo,WH-001,2025-01-10
INV-2025-004,INV/2025/004,CST-009,2025-01-12,2025-02-25,1053750.00,73500.00,19600.00,980000.00,paid,Taiwo Oladapo,WH-001,2025-01-12
INV-2025-005,INV/2025/005,CST-011,2025-01-14,2025-03-14,1558750.00,108750.00,29000.00,1450000.00,paid,Taiwo Oladapo,WH-001,2025-01-14
INV-2025-006,INV/2025/006,CST-003,2025-01-15,2025-03-01,1773750.00,123750.00,0.00,1650000.00,paid,Funmi Adeyemi,WH-002,2025-01-15
INV-2025-007,INV/2025/007,CST-006,2025-01-17,2025-03-02,913750.00,63750.00,0.00,850000.00,paid,Emeka Eze,WH-001,2025-01-17
INV-2025-008,INV/2025/008,CST-018,2025-01-20,2025-02-19,1182500.00,82500.00,0.00,1100000.00,paid,Taiwo Oladapo,WH-001,2025-01-20
INV-2025-009,INV/2025/009,CST-025,2025-01-22,2025-03-22,989000.00,69000.00,0.00,920000.00,paid,Hauwa Lawal,WH-002,2025-01-22
INV-2025-010,INV/2025/010,CST-029,2025-01-24,2025-02-23,838500.00,58500.00,0.00,780000.00,paid,Taiwo Oladapo,WH-001,2025-01-24
INV-2025-011,INV/2025/011,CST-007,2025-01-25,2025-02-09,344000.00,24000.00,0.00,320000.00,paid,Taiwo Oladapo,WH-001,2025-01-25
INV-2025-012,INV/2025/012,CST-013,2025-01-27,2025-03-12,623500.00,43500.00,0.00,580000.00,paid,Emeka Eze,WH-001,2025-01-27
INV-2025-013,INV/2025/013,CST-002,2025-01-28,2025-02-27,806250.00,56250.00,0.00,750000.00,paid,Taiwo Oladapo,WH-001,2025-01-28
INV-2025-014,INV/2025/014,CST-040,2025-01-30,2025-03-16,731000.00,51000.00,0.00,680000.00,paid,Emeka Eze,WH-001,2025-01-30
INV-2025-015,INV/2025/015,CST-014,2025-02-04,2025-04-05,2257500.00,157500.00,42000.00,2100000.00,paid,Babatunde Cole,WH-001,2025-02-04
INV-2025-016,INV/2025/016,CST-031,2025-02-05,2025-04-06,2580000.00,180000.00,48000.00,2400000.00,paid,Babatunde Cole,WH-001,2025-02-05
INV-2025-017,INV/2025/017,CST-001,2025-02-07,2025-03-09,1290000.00,90000.00,0.00,1200000.00,paid,Taiwo Oladapo,WH-001,2025-02-07
INV-2025-018,INV/2025/018,CST-033,2025-02-10,2025-03-27,1451250.00,101250.00,27000.00,1350000.00,paid,Babatunde Cole,WH-001,2025-02-10
INV-2025-019,INV/2025/019,CST-009,2025-02-12,2025-03-29,913750.00,63750.00,17000.00,850000.00,paid,Taiwo Oladapo,WH-001,2025-02-12
INV-2025-020,INV/2025/020,CST-003,2025-02-14,2025-03-31,1935000.00,135000.00,0.00,1800000.00,paid,Funmi Adeyemi,WH-002,2025-02-14
INV-2025-021,INV/2025/021,CST-036,2025-02-17,2025-04-03,1182500.00,82500.00,0.00,1100000.00,paid,Hauwa Lawal,WH-001,2025-02-17
INV-2025-022,INV/2025/022,CST-011,2025-02-18,2025-04-19,1343750.00,93750.00,25000.00,1250000.00,paid,Taiwo Oladapo,WH-001,2025-02-18
INV-2025-023,INV/2025/023,CST-020,2025-02-19,2025-04-05,731000.00,51000.00,0.00,680000.00,paid,Hauwa Lawal,WH-002,2025-02-19
INV-2025-024,INV/2025/024,CST-023,2025-02-20,2025-04-06,989000.00,69000.00,0.00,920000.00,paid,Hauwa Lawal,WH-002,2025-02-20
INV-2025-025,INV/2025/025,CST-010,2025-02-21,2025-03-23,580500.00,40500.00,0.00,540000.00,paid,Funmi Adeyemi,WH-002,2025-02-21
INV-2025-026,INV/2025/026,CST-032,2025-02-24,2025-04-10,838500.00,58500.00,0.00,780000.00,paid,Emeka Eze,WH-001,2025-02-24
INV-2025-027,INV/2025/027,CST-016,2025-02-25,2025-04-11,516000.00,36000.00,0.00,480000.00,paid,Emeka Eze,WH-001,2025-02-25
INV-2025-028,INV/2025/028,CST-028,2025-02-27,2025-04-13,602000.00,42000.00,0.00,560000.00,paid,Hauwa Lawal,WH-001,2025-02-27
INV-2025-029,INV/2025/029,CST-014,2025-03-03,2025-05-02,2365000.00,165000.00,44000.00,2200000.00,paid,Babatunde Cole,WH-001,2025-03-03
INV-2025-030,INV/2025/030,CST-031,2025-03-05,2025-05-04,2795000.00,195000.00,52000.00,2600000.00,paid,Babatunde Cole,WH-001,2025-03-05
INV-2025-031,INV/2025/031,CST-001,2025-03-07,2025-04-06,1505000.00,105000.00,0.00,1400000.00,paid,Taiwo Oladapo,WH-001,2025-03-07
INV-2025-032,INV/2025/032,CST-009,2025-03-10,2025-04-24,1182500.00,82500.00,22000.00,1100000.00,paid,Taiwo Oladapo,WH-001,2025-03-10
INV-2025-033,INV/2025/033,CST-011,2025-03-12,2025-05-11,1451250.00,101250.00,27000.00,1350000.00,paid,Taiwo Oladapo,WH-001,2025-03-12
INV-2025-034,INV/2025/034,CST-003,2025-03-14,2025-04-28,2042500.00,142500.00,0.00,1900000.00,paid,Funmi Adeyemi,WH-002,2025-03-14
INV-2025-035,INV/2025/035,CST-033,2025-03-15,2025-04-29,1182500.00,82500.00,22000.00,1100000.00,paid,Babatunde Cole,WH-001,2025-03-15
INV-2025-036,INV/2025/036,CST-006,2025-03-17,2025-05-01,1021250.00,71250.00,0.00,950000.00,paid,Emeka Eze,WH-001,2025-03-17
INV-2025-037,INV/2025/037,CST-018,2025-03-19,2025-04-18,1290000.00,90000.00,0.00,1200000.00,paid,Taiwo Oladapo,WH-001,2025-03-19
INV-2025-038,INV/2025/038,CST-025,2025-03-21,2025-05-19,1053750.00,73500.00,0.00,980000.00,paid,Hauwa Lawal,WH-002,2025-03-21
INV-2025-039,INV/2025/039,CST-029,2025-03-22,2025-04-21,903000.00,63000.00,0.00,840000.00,paid,Taiwo Oladapo,WH-001,2025-03-22
INV-2025-040,INV/2025/040,CST-036,2025-03-24,2025-05-08,838500.00,58500.00,0.00,780000.00,paid,Hauwa Lawal,WH-001,2025-03-24
INV-2025-041,INV/2025/041,CST-007,2025-03-25,2025-04-09,408500.00,28500.00,0.00,380000.00,paid,Taiwo Oladapo,WH-001,2025-03-25
INV-2025-042,INV/2025/042,CST-013,2025-03-26,2025-05-10,666500.00,46500.00,0.00,620000.00,paid,Emeka Eze,WH-001,2025-03-26
INV-2025-043,INV/2025/043,CST-002,2025-03-27,2025-04-26,731000.00,51000.00,0.00,680000.00,paid,Taiwo Oladapo,WH-001,2025-03-27
INV-2025-044,INV/2025/044,CST-040,2025-03-28,2025-05-12,806250.00,56250.00,0.00,750000.00,paid,Emeka Eze,WH-001,2025-03-28
INV-2025-045,INV/2025/045,CST-014,2025-04-02,2025-06-01,2096250.00,146250.00,39000.00,1950000.00,paid,Babatunde Cole,WH-001,2025-04-02
INV-2025-046,INV/2025/046,CST-031,2025-04-03,2025-06-02,2472500.00,172500.00,46000.00,2300000.00,paid,Babatunde Cole,WH-001,2025-04-03
INV-2025-047,INV/2025/047,CST-001,2025-04-05,2025-05-05,1343750.00,93750.00,0.00,1250000.00,paid,Taiwo Oladapo,WH-001,2025-04-05
INV-2025-048,INV/2025/048,CST-009,2025-04-08,2025-05-23,1129250.00,78750.00,21000.00,1050000.00,paid,Taiwo Oladapo,WH-001,2025-04-08
INV-2025-049,INV/2025/049,CST-003,2025-04-10,2025-05-25,1881250.00,131250.00,0.00,1750000.00,paid,Funmi Adeyemi,WH-002,2025-04-10
INV-2025-050,INV/2025/050,CST-011,2025-04-11,2025-06-10,1505000.00,105000.00,28000.00,1400000.00,paid,Taiwo Oladapo,WH-001,2025-04-11
INV-2025-051,INV/2025/051,CST-033,2025-04-14,2025-05-29,1129250.00,78750.00,21000.00,1050000.00,paid,Babatunde Cole,WH-001,2025-04-14
INV-2025-052,INV/2025/052,CST-023,2025-04-15,2025-05-30,946500.00,66000.00,0.00,880000.00,paid,Hauwa Lawal,WH-002,2025-04-15
INV-2025-053,INV/2025/053,CST-020,2025-04-17,2025-06-01,731000.00,51000.00,0.00,680000.00,paid,Hauwa Lawal,WH-002,2025-04-17
INV-2025-054,INV/2025/054,CST-006,2025-04-18,2025-06-02,1021250.00,71250.00,0.00,950000.00,paid,Emeka Eze,WH-001,2025-04-18
INV-2025-055,INV/2025/055,CST-018,2025-04-22,2025-05-22,1182500.00,82500.00,0.00,1100000.00,paid,Taiwo Oladapo,WH-001,2025-04-22
INV-2025-056,INV/2025/056,CST-010,2025-04-24,2025-05-24,559000.00,39000.00,0.00,520000.00,paid,Funmi Adeyemi,WH-002,2025-04-24
INV-2025-057,INV/2025/057,CST-036,2025-04-25,2025-06-09,881500.00,61500.00,0.00,820000.00,paid,Hauwa Lawal,WH-001,2025-04-25
INV-2025-058,INV/2025/058,CST-040,2025-04-28,2025-06-12,666500.00,46500.00,0.00,620000.00,paid,Emeka Eze,WH-001,2025-04-28
INV-2025-059,INV/2025/059,CST-014,2025-05-02,2025-07-01,2365000.00,165000.00,44000.00,2200000.00,paid,Babatunde Cole,WH-001,2025-05-02
INV-2025-060,INV/2025/060,CST-031,2025-05-03,2025-07-02,2795000.00,195000.00,52000.00,2600000.00,paid,Babatunde Cole,WH-001,2025-05-03
INV-2025-061,INV/2025/061,CST-001,2025-05-05,2025-06-04,1559250.00,108750.00,0.00,1450000.00,paid,Taiwo Oladapo,WH-001,2025-05-05
INV-2025-062,INV/2025/062,CST-009,2025-05-07,2025-06-21,1236750.00,86250.00,23000.00,1150000.00,paid,Taiwo Oladapo,WH-001,2025-05-07
INV-2025-063,INV/2025/063,CST-003,2025-05-09,2025-06-23,2042500.00,142500.00,0.00,1900000.00,paid,Funmi Adeyemi,WH-002,2025-05-09
INV-2025-064,INV/2025/064,CST-011,2025-05-11,2025-07-10,1612500.00,112500.00,30000.00,1500000.00,paid,Taiwo Oladapo,WH-001,2025-05-11
INV-2025-065,INV/2025/065,CST-033,2025-05-13,2025-06-27,1290000.00,90000.00,24000.00,1200000.00,paid,Babatunde Cole,WH-001,2025-05-13
INV-2025-066,INV/2025/066,CST-036,2025-05-15,2025-06-29,1021250.00,71250.00,0.00,950000.00,paid,Hauwa Lawal,WH-001,2025-05-15
INV-2025-067,INV/2025/067,CST-006,2025-05-16,2025-06-30,1129250.00,78750.00,0.00,1050000.00,paid,Emeka Eze,WH-001,2025-05-16
INV-2025-068,INV/2025/068,CST-018,2025-05-19,2025-06-18,1343750.00,93750.00,0.00,1250000.00,paid,Taiwo Oladapo,WH-001,2025-05-19
INV-2025-069,INV/2025/069,CST-025,2025-05-21,2025-07-19,1129250.00,78750.00,0.00,1050000.00,paid,Hauwa Lawal,WH-002,2025-05-21
INV-2025-070,INV/2025/070,CST-029,2025-05-22,2025-06-21,946500.00,66000.00,0.00,880000.00,paid,Taiwo Oladapo,WH-001,2025-05-22
INV-2025-071,INV/2025/071,CST-023,2025-05-24,2025-07-08,1053750.00,73500.00,0.00,980000.00,paid,Hauwa Lawal,WH-002,2025-05-24
INV-2025-072,INV/2025/072,CST-013,2025-05-25,2025-07-09,731000.00,51000.00,0.00,680000.00,paid,Emeka Eze,WH-001,2025-05-25
INV-2025-073,INV/2025/073,CST-002,2025-05-27,2025-06-26,774000.00,54000.00,0.00,720000.00,paid,Taiwo Oladapo,WH-001,2025-05-27
INV-2025-074,INV/2025/074,CST-040,2025-05-28,2025-07-12,913750.00,63750.00,0.00,850000.00,paid,Emeka Eze,WH-001,2025-05-28
INV-2025-075,INV/2025/075,CST-014,2025-06-03,2025-08-02,2257500.00,157500.00,42000.00,2100000.00,paid,Babatunde Cole,WH-001,2025-06-03
INV-2025-076,INV/2025/076,CST-031,2025-06-04,2025-08-03,2580000.00,180000.00,48000.00,2400000.00,paid,Babatunde Cole,WH-001,2025-06-04
INV-2025-077,INV/2025/077,CST-001,2025-06-06,2025-07-06,1397500.00,97500.00,0.00,1300000.00,paid,Taiwo Oladapo,WH-001,2025-06-06
INV-2025-078,INV/2025/078,CST-009,2025-06-09,2025-07-24,1129250.00,78750.00,21000.00,1050000.00,paid,Taiwo Oladapo,WH-001,2025-06-09
INV-2025-079,INV/2025/079,CST-003,2025-06-11,2025-07-26,1935000.00,135000.00,0.00,1800000.00,paid,Funmi Adeyemi,WH-002,2025-06-11
INV-2025-080,INV/2025/080,CST-011,2025-06-13,2025-08-12,1505000.00,105000.00,28000.00,1400000.00,paid,Taiwo Oladapo,WH-001,2025-06-13
INV-2025-081,INV/2025/081,CST-033,2025-06-16,2025-07-31,1182500.00,82500.00,22000.00,1100000.00,paid,Babatunde Cole,WH-001,2025-06-16
INV-2025-082,INV/2025/082,CST-006,2025-06-17,2025-08-01,1053750.00,73500.00,0.00,980000.00,paid,Emeka Eze,WH-001,2025-06-17
INV-2025-083,INV/2025/083,CST-018,2025-06-19,2025-07-19,1236750.00,86250.00,0.00,1150000.00,paid,Taiwo Oladapo,WH-001,2025-06-19
INV-2025-084,INV/2025/084,CST-025,2025-06-21,2025-08-19,967500.00,67500.00,0.00,900000.00,paid,Hauwa Lawal,WH-002,2025-06-21
INV-2025-085,INV/2025/085,CST-029,2025-06-23,2025-07-23,881500.00,61500.00,0.00,820000.00,paid,Taiwo Oladapo,WH-001,2025-06-23
INV-2025-086,INV/2025/086,CST-020,2025-06-24,2025-08-08,731000.00,51000.00,0.00,680000.00,paid,Hauwa Lawal,WH-002,2025-06-24
INV-2025-087,INV/2025/087,CST-010,2025-06-25,2025-07-25,602000.00,42000.00,0.00,560000.00,paid,Funmi Adeyemi,WH-002,2025-06-25
INV-2025-088,INV/2025/088,CST-040,2025-06-26,2025-08-10,849250.00,59250.00,0.00,790000.00,paid,Emeka Eze,WH-001,2025-06-26
INV-2025-089,INV/2025/089,CST-014,2025-07-03,2025-09-01,2580000.00,180000.00,48000.00,2400000.00,paid,Babatunde Cole,WH-001,2025-07-03
INV-2025-090,INV/2025/090,CST-031,2025-07-04,2025-09-02,3010000.00,210000.00,56000.00,2800000.00,paid,Babatunde Cole,WH-001,2025-07-04
INV-2025-091,INV/2025/091,CST-001,2025-07-07,2025-08-06,1666250.00,116250.00,0.00,1550000.00,paid,Taiwo Oladapo,WH-001,2025-07-07
INV-2025-092,INV/2025/092,CST-009,2025-07-09,2025-08-23,1343750.00,93750.00,25000.00,1250000.00,paid,Taiwo Oladapo,WH-001,2025-07-09
INV-2025-093,INV/2025/093,CST-003,2025-07-11,2025-08-25,2257500.00,157500.00,0.00,2100000.00,paid,Funmi Adeyemi,WH-002,2025-07-11
INV-2025-094,INV/2025/094,CST-011,2025-07-13,2025-09-11,1773750.00,123750.00,33000.00,1650000.00,paid,Taiwo Oladapo,WH-001,2025-07-13
INV-2025-095,INV/2025/095,CST-033,2025-07-15,2025-08-29,1397500.00,97500.00,26000.00,1300000.00,paid,Babatunde Cole,WH-001,2025-07-15
INV-2025-096,INV/2025/096,CST-036,2025-07-16,2025-08-30,1129250.00,78750.00,0.00,1050000.00,paid,Hauwa Lawal,WH-001,2025-07-16
INV-2025-097,INV/2025/097,CST-006,2025-07-18,2025-09-01,1182500.00,82500.00,0.00,1100000.00,paid,Emeka Eze,WH-001,2025-07-18
INV-2025-098,INV/2025/098,CST-018,2025-07-20,2025-08-19,1397500.00,97500.00,0.00,1300000.00,paid,Taiwo Oladapo,WH-001,2025-07-20
INV-2025-099,INV/2025/099,CST-025,2025-07-22,2025-09-19,1129250.00,78750.00,0.00,1050000.00,paid,Hauwa Lawal,WH-002,2025-07-22
INV-2025-100,INV/2025/100,CST-029,2025-07-23,2025-08-22,1021250.00,71250.00,0.00,950000.00,paid,Taiwo Oladapo,WH-001,2025-07-23
INV-2025-101,INV/2025/101,CST-023,2025-07-25,2025-09-08,1182500.00,82500.00,0.00,1100000.00,paid,Hauwa Lawal,WH-002,2025-07-25
INV-2025-102,INV/2025/102,CST-013,2025-07-26,2025-09-09,838500.00,58500.00,0.00,780000.00,paid,Emeka Eze,WH-001,2025-07-26
INV-2025-103,INV/2025/103,CST-002,2025-07-27,2025-08-26,881500.00,61500.00,0.00,820000.00,paid,Taiwo Oladapo,WH-001,2025-07-27
INV-2025-104,INV/2025/104,CST-040,2025-07-28,2025-09-11,967500.00,67500.00,0.00,900000.00,paid,Emeka Eze,WH-001,2025-07-28
INV-2025-105,INV/2025/105,CST-014,2025-08-04,2025-10-03,2795000.00,195000.00,52000.00,2600000.00,paid,Babatunde Cole,WH-001,2025-08-04
INV-2025-106,INV/2025/106,CST-031,2025-08-05,2025-10-04,3225000.00,225000.00,60000.00,3000000.00,paid,Babatunde Cole,WH-001,2025-08-05
INV-2025-107,INV/2025/107,CST-001,2025-08-07,2025-09-06,1827500.00,127500.00,0.00,1700000.00,paid,Taiwo Oladapo,WH-001,2025-08-07
INV-2025-108,INV/2025/108,CST-009,2025-08-09,2025-09-23,1451250.00,101250.00,27000.00,1350000.00,paid,Taiwo Oladapo,WH-001,2025-08-09
INV-2025-109,INV/2025/109,CST-003,2025-08-12,2025-09-26,2365000.00,165000.00,0.00,2200000.00,paid,Funmi Adeyemi,WH-002,2025-08-12
INV-2025-110,INV/2025/110,CST-011,2025-08-13,2025-10-12,1881250.00,131250.00,35000.00,1750000.00,paid,Taiwo Oladapo,WH-001,2025-08-13
INV-2025-111,INV/2025/111,CST-033,2025-08-15,2025-09-29,1505000.00,105000.00,28000.00,1400000.00,paid,Babatunde Cole,WH-001,2025-08-15
INV-2025-112,INV/2025/112,CST-036,2025-08-18,2025-10-02,1182500.00,82500.00,0.00,1100000.00,paid,Hauwa Lawal,WH-001,2025-08-18
INV-2025-113,INV/2025/113,CST-006,2025-08-19,2025-10-03,1290000.00,90000.00,0.00,1200000.00,paid,Emeka Eze,WH-001,2025-08-19
INV-2025-114,INV/2025/114,CST-018,2025-08-21,2025-09-20,1505000.00,105000.00,0.00,1400000.00,paid,Taiwo Oladapo,WH-001,2025-08-21
INV-2025-115,INV/2025/115,CST-025,2025-08-23,2025-10-21,1182500.00,82500.00,0.00,1100000.00,paid,Hauwa Lawal,WH-002,2025-08-23
INV-2025-116,INV/2025/116,CST-029,2025-08-24,2025-09-23,1053750.00,73500.00,0.00,980000.00,paid,Taiwo Oladapo,WH-001,2025-08-24
INV-2025-117,INV/2025/117,CST-010,2025-08-26,2025-09-25,731000.00,51000.00,0.00,680000.00,paid,Funmi Adeyemi,WH-002,2025-08-26
INV-2025-118,INV/2025/118,CST-028,2025-08-27,2025-10-11,838500.00,58500.00,0.00,780000.00,paid,Hauwa Lawal,WH-001,2025-08-27
INV-2025-119,INV/2025/119,CST-013,2025-08-28,2025-10-12,806250.00,56250.00,0.00,750000.00,paid,Emeka Eze,WH-001,2025-08-28
INV-2025-120,INV/2025/120,CST-040,2025-08-29,2025-10-13,881500.00,61500.00,0.00,820000.00,paid,Emeka Eze,WH-001,2025-08-29
INV-2025-121,INV/2025/121,CST-014,2025-09-03,2025-11-02,2472500.00,172500.00,46000.00,2300000.00,paid,Babatunde Cole,WH-001,2025-09-03
INV-2025-122,INV/2025/122,CST-031,2025-09-04,2025-11-03,2902500.00,202500.00,54000.00,2700000.00,paid,Babatunde Cole,WH-001,2025-09-04
INV-2025-123,INV/2025/123,CST-001,2025-09-06,2025-10-06,1612500.00,112500.00,0.00,1500000.00,paid,Taiwo Oladapo,WH-001,2025-09-06
INV-2025-124,INV/2025/124,CST-009,2025-09-08,2025-10-23,1236750.00,86250.00,23000.00,1150000.00,paid,Taiwo Oladapo,WH-001,2025-09-08
INV-2025-125,INV/2025/125,CST-003,2025-09-10,2025-10-25,2042500.00,142500.00,0.00,1900000.00,paid,Funmi Adeyemi,WH-002,2025-09-10
INV-2025-126,INV/2025/126,CST-011,2025-09-12,2025-11-11,1720000.00,120000.00,32000.00,1600000.00,paid,Taiwo Oladapo,WH-001,2025-09-12
INV-2025-127,INV/2025/127,CST-033,2025-09-14,2025-10-29,1343750.00,93750.00,25000.00,1250000.00,paid,Babatunde Cole,WH-001,2025-09-14
INV-2025-128,INV/2025/128,CST-006,2025-09-16,2025-10-31,1182500.00,82500.00,0.00,1100000.00,paid,Emeka Eze,WH-001,2025-09-16
INV-2025-129,INV/2025/129,CST-018,2025-09-18,2025-10-18,1290000.00,90000.00,0.00,1200000.00,paid,Taiwo Oladapo,WH-001,2025-09-18
INV-2025-130,INV/2025/130,CST-036,2025-09-20,2025-11-04,1021250.00,71250.00,0.00,950000.00,paid,Hauwa Lawal,WH-001,2025-09-20
INV-2025-131,INV/2025/131,CST-025,2025-09-22,2025-11-20,1021250.00,71250.00,0.00,950000.00,paid,Hauwa Lawal,WH-002,2025-09-22
INV-2025-132,INV/2025/132,CST-023,2025-09-24,2025-11-08,946500.00,66000.00,0.00,880000.00,paid,Hauwa Lawal,WH-002,2025-09-24
INV-2025-133,INV/2025/133,CST-028,2025-09-26,2025-11-10,731000.00,51000.00,0.00,680000.00,paid,Hauwa Lawal,WH-001,2025-09-26
INV-2025-134,INV/2025/134,CST-040,2025-09-27,2025-11-11,913750.00,63750.00,0.00,850000.00,paid,Emeka Eze,WH-001,2025-09-27
INV-2025-135,INV/2025/135,CST-014,2025-10-03,2025-12-02,2688750.00,187500.00,50000.00,2500000.00,partial,Babatunde Cole,WH-001,2025-10-03
INV-2025-136,INV/2025/136,CST-031,2025-10-04,2025-12-03,3117500.00,217500.00,58000.00,2900000.00,partial,Babatunde Cole,WH-001,2025-10-04
INV-2025-137,INV/2025/137,CST-001,2025-10-07,2025-11-06,1720000.00,120000.00,0.00,1600000.00,paid,Taiwo Oladapo,WH-001,2025-10-07
INV-2025-138,INV/2025/138,CST-009,2025-10-09,2025-11-23,1343750.00,93750.00,25000.00,1250000.00,partial,Taiwo Oladapo,WH-001,2025-10-09
INV-2025-139,INV/2025/139,CST-003,2025-10-11,2025-11-25,2150000.00,150000.00,0.00,2000000.00,paid,Funmi Adeyemi,WH-002,2025-10-11
INV-2025-140,INV/2025/140,CST-011,2025-10-13,2025-12-12,1827500.00,127500.00,34000.00,1700000.00,partial,Taiwo Oladapo,WH-001,2025-10-13
INV-2025-141,INV/2025/141,CST-033,2025-10-15,2025-11-29,1397500.00,97500.00,26000.00,1300000.00,paid,Babatunde Cole,WH-001,2025-10-15
INV-2025-142,INV/2025/142,CST-006,2025-10-17,2025-12-01,1236750.00,86250.00,0.00,1150000.00,partial,Emeka Eze,WH-001,2025-10-17
INV-2025-143,INV/2025/143,CST-018,2025-10-19,2025-11-18,1343750.00,93750.00,0.00,1250000.00,paid,Taiwo Oladapo,WH-001,2025-10-19
INV-2025-144,INV/2025/144,CST-025,2025-10-21,2025-12-19,1182500.00,82500.00,0.00,1100000.00,partial,Hauwa Lawal,WH-002,2025-10-21
INV-2025-145,INV/2025/145,CST-036,2025-10-22,2025-12-06,1075000.00,75000.00,0.00,1000000.00,paid,Hauwa Lawal,WH-001,2025-10-22
INV-2025-146,INV/2025/146,CST-023,2025-10-24,2025-12-08,1075000.00,75000.00,0.00,1000000.00,partial,Hauwa Lawal,WH-002,2025-10-24
INV-2025-147,INV/2025/147,CST-029,2025-10-26,2025-11-25,913750.00,63750.00,0.00,850000.00,paid,Taiwo Oladapo,WH-001,2025-10-26
INV-2025-148,INV/2025/148,CST-013,2025-10-27,2025-12-11,913750.00,63750.00,0.00,850000.00,partial,Emeka Eze,WH-001,2025-10-27
INV-2025-149,INV/2025/149,CST-002,2025-10-28,2025-11-27,838500.00,58500.00,0.00,780000.00,paid,Taiwo Oladapo,WH-001,2025-10-28
INV-2025-150,INV/2025/150,CST-040,2025-10-29,2025-12-13,967500.00,67500.00,0.00,900000.00,partial,Emeka Eze,WH-001,2025-10-29
INV-2025-151,INV/2025/151,CST-014,2025-11-03,2026-01-02,2795000.00,195000.00,52000.00,2600000.00,partial,Babatunde Cole,WH-001,2025-11-03
INV-2025-152,INV/2025/152,CST-031,2025-11-05,2026-01-04,3332500.00,232500.00,62000.00,3100000.00,unpaid,Babatunde Cole,WH-001,2025-11-05
INV-2025-153,INV/2025/153,CST-001,2025-11-06,2025-12-06,1773750.00,123750.00,0.00,1650000.00,partial,Taiwo Oladapo,WH-001,2025-11-06
INV-2025-154,INV/2025/154,CST-009,2025-11-08,2025-12-23,1397500.00,97500.00,26000.00,1300000.00,unpaid,Taiwo Oladapo,WH-001,2025-11-08
INV-2025-155,INV/2025/155,CST-003,2025-11-10,2025-12-25,2257500.00,157500.00,0.00,2100000.00,partial,Funmi Adeyemi,WH-002,2025-11-10
INV-2025-156,INV/2025/156,CST-011,2025-11-12,2026-01-11,1935000.00,135000.00,36000.00,1800000.00,unpaid,Taiwo Oladapo,WH-001,2025-11-12
INV-2025-157,INV/2025/157,CST-033,2025-11-14,2025-12-29,1505000.00,105000.00,28000.00,1400000.00,partial,Babatunde Cole,WH-001,2025-11-14
INV-2025-158,INV/2025/158,CST-006,2025-11-16,2025-12-31,1290000.00,90000.00,0.00,1200000.00,unpaid,Emeka Eze,WH-001,2025-11-16
INV-2025-159,INV/2025/159,CST-018,2025-11-18,2025-12-18,1397500.00,97500.00,0.00,1300000.00,partial,Taiwo Oladapo,WH-001,2025-11-18
INV-2025-160,INV/2025/160,CST-036,2025-11-20,2026-01-04,1182500.00,82500.00,0.00,1100000.00,unpaid,Hauwa Lawal,WH-001,2025-11-20
INV-2025-161,INV/2025/161,CST-025,2025-11-22,2026-01-21,1290000.00,90000.00,0.00,1200000.00,unpaid,Hauwa Lawal,WH-002,2025-11-22
INV-2025-162,INV/2025/162,CST-023,2025-11-24,2026-01-08,1182500.00,82500.00,0.00,1100000.00,unpaid,Hauwa Lawal,WH-002,2025-11-24
INV-2025-163,INV/2025/163,CST-029,2025-11-25,2025-12-25,967500.00,67500.00,0.00,900000.00,partial,Taiwo Oladapo,WH-001,2025-11-25
INV-2025-164,INV/2025/164,CST-028,2025-11-26,2026-01-10,913750.00,63750.00,0.00,850000.00,unpaid,Hauwa Lawal,WH-001,2025-11-26
INV-2025-165,INV/2025/165,CST-040,2025-11-27,2026-01-11,1021250.00,71250.00,0.00,950000.00,unpaid,Emeka Eze,WH-001,2025-11-27
INV-2025-166,INV/2025/166,CST-013,2025-11-28,2026-01-12,1075000.00,75000.00,0.00,1000000.00,unpaid,Emeka Eze,WH-001,2025-11-28
INV-2025-167,INV/2025/167,CST-014,2025-12-02,2026-01-31,2902500.00,202500.00,54000.00,2700000.00,unpaid,Babatunde Cole,WH-001,2025-12-02
INV-2025-168,INV/2025/168,CST-031,2025-12-03,2026-02-01,3440000.00,240000.00,64000.00,3200000.00,unpaid,Babatunde Cole,WH-001,2025-12-03
INV-2025-169,INV/2025/169,CST-001,2025-12-05,2026-01-04,1881250.00,131250.00,0.00,1750000.00,unpaid,Taiwo Oladapo,WH-001,2025-12-05
INV-2025-170,INV/2025/170,CST-009,2025-12-07,2026-01-21,1505000.00,105000.00,28000.00,1400000.00,unpaid,Taiwo Oladapo,WH-001,2025-12-07
INV-2025-171,INV/2025/171,CST-003,2025-12-09,2026-01-23,2365000.00,165000.00,0.00,2200000.00,unpaid,Funmi Adeyemi,WH-002,2025-12-09
INV-2025-172,INV/2025/172,CST-011,2025-12-11,2026-02-09,2042500.00,142500.00,38000.00,1900000.00,unpaid,Taiwo Oladapo,WH-001,2025-12-11
INV-2025-173,INV/2025/173,CST-033,2025-12-13,2026-01-27,1612500.00,112500.00,30000.00,1500000.00,unpaid,Babatunde Cole,WH-001,2025-12-13
INV-2025-174,INV/2025/174,CST-006,2025-12-15,2026-01-29,1343750.00,93750.00,0.00,1250000.00,unpaid,Emeka Eze,WH-001,2025-12-15
INV-2025-175,INV/2025/175,CST-018,2025-12-16,2026-01-15,1451250.00,101250.00,0.00,1350000.00,unpaid,Taiwo Oladapo,WH-001,2025-12-16
INV-2025-176,INV/2025/176,CST-036,2025-12-17,2026-01-31,1236750.00,86250.00,0.00,1150000.00,unpaid,Hauwa Lawal,WH-001,2025-12-17
INV-2025-177,INV/2025/177,CST-025,2025-12-18,2026-02-16,1343750.00,93750.00,0.00,1250000.00,unpaid,Hauwa Lawal,WH-002,2025-12-18
INV-2025-178,INV/2025/178,CST-029,2025-12-19,2026-01-18,967500.00,67500.00,0.00,900000.00,paid,Taiwo Oladapo,WH-001,2025-12-19
INV-2025-179,INV/2025/179,CST-023,2025-12-20,2026-02-03,1075000.00,75000.00,0.00,1000000.00,unpaid,Hauwa Lawal,WH-002,2025-12-20
INV-2025-180,INV/2025/180,CST-010,2025-12-21,2026-01-20,699250.00,48750.00,0.00,650000.00,paid,Funmi Adeyemi,WH-002,2025-12-21
INV-2025-181,INV/2025/181,CST-013,2025-12-22,2026-02-05,913750.00,63750.00,0.00,850000.00,unpaid,Emeka Eze,WH-001,2025-12-22
INV-2025-182,INV/2025/182,CST-028,2025-12-23,2026-02-06,774000.00,54000.00,0.00,720000.00,paid,Hauwa Lawal,WH-001,2025-12-23
INV-2025-183,INV/2025/183,CST-040,2025-12-24,2026-02-07,1075000.00,75000.00,0.00,1000000.00,unpaid,Emeka Eze,WH-001,2025-12-24
INV-2025-184,INV/2025/184,CST-032,2025-12-26,2026-02-09,913750.00,63750.00,0.00,850000.00,paid,Emeka Eze,WH-001,2025-12-26
INV-2026-001,INV/2026/001,CST-014,2026-01-06,2026-03-07,2580000.00,180000.00,48000.00,2400000.00,unpaid,Babatunde Cole,WH-001,2026-01-06
INV-2026-002,INV/2026/002,CST-031,2026-01-07,2026-03-08,3010000.00,210000.00,56000.00,2800000.00,unpaid,Babatunde Cole,WH-001,2026-01-07
INV-2026-003,INV/2026/003,CST-001,2026-01-08,2026-02-07,1505000.00,105000.00,0.00,1400000.00,unpaid,Taiwo Oladapo,WH-001,2026-01-08
INV-2026-004,INV/2026/004,CST-009,2026-01-10,2026-02-24,1343750.00,93750.00,25000.00,1250000.00,unpaid,Taiwo Oladapo,WH-001,2026-01-10
INV-2026-005,INV/2026/005,CST-003,2026-01-12,2026-02-26,1989250.00,138750.00,0.00,1850000.00,unpaid,Funmi Adeyemi,WH-002,2026-01-12
INV-2026-006,INV/2026/006,CST-011,2026-01-14,2026-03-15,1720000.00,120000.00,32000.00,1600000.00,unpaid,Taiwo Oladapo,WH-001,2026-01-14
INV-2026-007,INV/2026/007,CST-033,2026-01-16,2026-03-02,1343750.00,93750.00,25000.00,1250000.00,unpaid,Babatunde Cole,WH-001,2026-01-16
INV-2026-008,INV/2026/008,CST-006,2026-01-18,2026-03-04,967500.00,67500.00,0.00,900000.00,unpaid,Emeka Eze,WH-001,2026-01-18
INV-2026-009,INV/2026/009,CST-018,2026-01-20,2026-02-19,1129250.00,78750.00,0.00,1050000.00,partial,Taiwo Oladapo,WH-001,2026-01-20
INV-2026-010,INV/2026/010,CST-025,2026-01-22,2026-03-23,1182500.00,82500.00,0.00,1100000.00,unpaid,Hauwa Lawal,WH-002,2026-01-22
INV-2026-011,INV/2026/011,CST-036,2026-01-24,2026-03-10,1129250.00,78750.00,0.00,1050000.00,unpaid,Hauwa Lawal,WH-001,2026-01-24
INV-2026-012,INV/2026/012,CST-023,2026-01-26,2026-03-12,913750.00,63750.00,0.00,850000.00,unpaid,Hauwa Lawal,WH-002,2026-01-26
INV-2026-013,INV/2026/013,CST-014,2026-02-04,2026-04-05,1935000.00,135000.00,36000.00,1800000.00,unpaid,Babatunde Cole,WH-001,2026-02-04
INV-2026-014,INV/2026/014,CST-031,2026-02-06,2026-04-07,2257500.00,157500.00,42000.00,2100000.00,unpaid,Babatunde Cole,WH-001,2026-02-06
INV-2026-015,INV/2026/015,CST-001,2026-02-09,2026-03-11,1290000.00,90000.00,0.00,1200000.00,unpaid,Taiwo Oladapo,WH-001,2026-02-09
INV-2026-016,INV/2026/016,CST-011,2026-02-12,2026-04-13,1451250.00,101250.00,27000.00,1350000.00,unpaid,Taiwo Oladapo,WH-001,2026-02-12
INV-2026-017,INV/2026/017,CST-033,2026-02-14,2026-03-31,1129250.00,78750.00,21000.00,1050000.00,unpaid,Babatunde Cole,WH-001,2026-02-14
INV-2026-018,INV/2026/018,CST-009,2026-02-18,2026-04-04,1053750.00,73500.00,22000.00,980000.00,unpaid,Taiwo Oladapo,WH-001,2026-02-18
INV-2026-019,INV/2026/019,CST-003,2026-02-21,2026-04-07,1559250.00,108750.00,0.00,1450000.00,unpaid,Funmi Adeyemi,WH-002,2026-02-21
INV-2026-020,INV/2026/020,CST-014,2026-02-25,2026-04-26,1451250.00,101250.00,27000.00,1350000.00,unpaid,Babatunde Cole,WH-001,2026-02-25
INV-2026-021,INV/2026/021,CST-031,2026-03-02,2026-05-01,2365000.00,165000.00,44000.00,2200000.00,unpaid,Babatunde Cole,WH-001,2026-03-02
INV-2026-022,INV/2026/022,CST-014,2026-03-03,2026-05-02,1935000.00,135000.00,36000.00,1800000.00,unpaid,Babatunde Cole,WH-001,2026-03-03
