line_id,invoice_id,item_id,quantity,unit_price,discount,line_total,cost_at_sale,gross_profit
SIL-0001,INV-2025-001,ITM-002,80,12000.00,2.00,940800.00,680000.00,260800.00
SIL-0002,INV-2025-001,ITM-007,120,6500.00,2.00,764400.00,540000.00,224400.00
SIL-0003,INV-2025-002,ITM-001,250,3500.00,2.00,857500.00,550000.00,307500.00
SIL-0004,INV-2025-002,ITM-006,300,4500.00,2.00,1323000.00,900000.00,423000.00
SIL-0005,INV-2025-003,ITM-003,120,5500.00,0.00,660000.00,456000.00,204000.00
SIL-0006,INV-2025-003,ITM-021,800,850.00,0.00,680000.00,400000.00,280000.00
SIL-0007,INV-2025-004,ITM-024,350,1500.00,2.00,514500.00,332500.00,182000.00
SIL-0008,INV-2025-004,ITM-022,400,1200.00,2.00,470400.00,300000.00,170400.00
SIL-0009,INV-2025-005,ITM-011,80,9500.00,2.00,742400.00,560000.00,182400.00
SIL-0010,INV-2025-005,ITM-007,100,6500.00,2.00,637000.00,450000.00,187000.00
SIL-0011,INV-2025-006,ITM-001,200,3500.00,0.00,700000.00,440000.00,260000.00
SIL-0012,INV-2025-006,ITM-005,500,1800.00,0.00,900000.00,550000.00,350000.00
SIL-0013,INV-2025-007,ITM-024,300,1500.00,0.00,450000.00,285000.00,165000.00
SIL-0014,INV-2025-007,ITM-023,420,950.00,0.00,399000.00,252000.00,147000.00
SIL-0015,INV-2025-008,ITM-006,120,4500.00,0.00,540000.00,360000.00,180000.00
SIL-0016,INV-2025-008,ITM-021,660,850.00,0.00,561000.00,330000.00,231000.00
SIL-0017,INV-2025-009,ITM-003,90,5500.00,0.00,495000.00,342000.00,153000.00
SIL-0018,INV-2025-009,ITM-028,650,650.00,0.00,422500.00,247000.00,175500.00
SIL-0019,INV-2025-010,ITM-041,500,750.00,0.00,375000.00,210000.00,165000.00
SIL-0020,INV-2025-010,ITM-023,426,950.00,0.00,404700.00,255600.00,149100.00
SIL-0021,INV-2025-011,ITM-021,200,850.00,0.00,170000.00,100000.00,70000.00
SIL-0022,INV-2025-011,ITM-028,230,650.00,0.00,149500.00,87400.00,62100.00
SIL-0023,INV-2025-012,ITM-024,200,1500.00,0.00,300000.00,190000.00,110000.00
SIL-0024,INV-2025-012,ITM-022,233,1200.00,0.00,279600.00,174750.00,104850.00
SIL-0025,INV-2025-013,ITM-041,500,750.00,0.00,375000.00,210000.00,165000.00
SIL-0026,INV-2025-013,ITM-033,541,550.00,0.00,297550.00,173120.00,124430.00
SIL-0027,INV-2025-014,ITM-023,380,950.00,0.00,361000.00,228000.00,133000.00
SIL-0028,INV-2025-014,ITM-047,840,380.00,0.00,319200.00,184800.00,134400.00
SIL-0029,INV-2025-015,ITM-002,90,12000.00,2.00,1058400.00,765000.00,293400.00
SIL-0030,INV-2025-015,ITM-011,110,9500.00,2.00,1023100.00,770000.00,253100.00
SIL-0031,INV-2025-016,ITM-006,250,4500.00,2.00,1102500.00,750000.00,352500.00
SIL-0032,INV-2025-016,ITM-007,200,6500.00,2.00,1274000.00,900000.00,374000.00
SIL-0033,INV-2025-017,ITM-001,180,3500.00,0.00,630000.00,396000.00,234000.00
SIL-0034,INV-2025-017,ITM-005,316,1800.00,0.00,568800.00,347600.00,221200.00
SIL-0035,INV-2025-018,ITM-007,100,6500.00,2.00,637000.00,450000.00,187000.00
SIL-0036,INV-2025-018,ITM-011,75,9500.00,2.00,712500.00,525000.00,187500.00
SIL-0037,INV-2025-019,ITM-024,300,1500.00,2.00,441000.00,285000.00,156000.00
SIL-0038,INV-2025-019,ITM-021,485,850.00,2.00,403795.00,242500.00,161295.00
SIL-0039,INV-2025-020,ITM-003,160,5500.00,0.00,880000.00,608000.00,272000.00
SIL-0040,INV-2025-020,ITM-006,200,4500.00,0.00,900000.00,600000.00,300000.00
SIL-0041,INV-2025-021,ITM-001,160,3500.00,0.00,560000.00,352000.00,208000.00
SIL-0042,INV-2025-021,ITM-007,82,6500.00,0.00,533000.00,369000.00,164000.00
SIL-0043,INV-2025-022,ITM-007,100,6500.00,2.00,637000.00,450000.00,187000.00
SIL-0044,INV-2025-022,ITM-003,100,5500.00,2.00,539000.00,380000.00,159000.00
SIL-0045,INV-2025-023,ITM-024,240,1500.00,0.00,360000.00,228000.00,132000.00
SIL-0046,INV-2025-023,ITM-022,267,1200.00,0.00,320400.00,200250.00,120150.00
SIL-0047,INV-2025-024,ITM-001,150,3500.00,0.00,525000.00,330000.00,195000.00
SIL-0048,INV-2025-024,ITM-008,95,4200.00,0.00,399000.00,275500.00,123500.00
SIL-0049,INV-2025-025,ITM-041,360,750.00,0.00,270000.00,151200.00,118800.00
SIL-0050,INV-2025-025,ITM-033,490,550.00,0.00,269500.00,156800.00,112700.00
SIL-0051,INV-2025-026,ITM-024,280,1500.00,0.00,420000.00,266000.00,154000.00
SIL-0052,INV-2025-026,ITM-022,300,1200.00,0.00,360000.00,225000.00,135000.00
SIL-0053,INV-2025-027,ITM-021,300,850.00,0.00,255000.00,150000.00,105000.00
SIL-0054,INV-2025-027,ITM-047,596,380.00,0.00,226480.00,131120.00,95360.00
SIL-0055,INV-2025-028,ITM-023,300,950.00,0.00,285000.00,180000.00,105000.00
SIL-0056,INV-2025-028,ITM-041,367,750.00,0.00,275250.00,154140.00,121110.00
SIL-0057,INV-2025-029,ITM-002,100,12000.00,2.00,1176000.00,850000.00,326000.00
SIL-0058,INV-2025-029,ITM-007,160,6500.00,2.00,1018400.00,720000.00,298400.00
SIL-0059,INV-2025-030,ITM-001,300,3500.00,2.00,1029000.00,660000.00,369000.00
SIL-0060,INV-2025-030,ITM-006,350,4500.00,2.00,1543500.00,1050000.00,493500.00
SIL-0061,INV-2025-031,ITM-003,140,5500.00,0.00,770000.00,532000.00,238000.00
SIL-0062,INV-2025-031,ITM-006,140,4500.00,0.00,630000.00,420000.00,210000.00
SIL-0063,INV-2025-032,ITM-011,60,9500.00,2.00,558600.00,420000.00,138600.00
SIL-0064,INV-2025-032,ITM-007,80,6500.00,2.00,509600.00,360000.00,149600.00
SIL-0065,INV-2025-033,ITM-007,100,6500.00,2.00,637000.00,450000.00,187000.00
SIL-0066,INV-2025-033,ITM-011,75,9500.00,2.00,712500.00,525000.00,187500.00
SIL-0067,INV-2025-034,ITM-003,190,5500.00,0.00,1045000.00,722000.00,323000.00
SIL-0068,INV-2025-034,ITM-001,244,3500.00,0.00,854000.00,536800.00,317200.00
SIL-0069,INV-2025-035,ITM-025,200,2800.00,2.00,548800.00,380000.00,168800.00
SIL-0070,INV-2025-035,ITM-027,150,3500.00,2.00,514500.00,360000.00,154500.00
SIL-0071,INV-2025-036,ITM-024,333,1500.00,0.00,499500.00,316350.00,183150.00
SIL-0072,INV-2025-036,ITM-023,475,950.00,0.00,451250.00,285000.00,166250.00
SIL-0073,INV-2025-037,ITM-006,140,4500.00,0.00,630000.00,420000.00,210000.00
SIL-0074,INV-2025-037,ITM-021,670,850.00,0.00,569500.00,335000.00,234500.00
SIL-0075,INV-2025-038,ITM-003,100,5500.00,0.00,550000.00,380000.00,170000.00
SIL-0076,INV-2025-038,ITM-021,506,850.00,0.00,430100.00,253000.00,177100.00
SIL-0077,INV-2025-039,ITM-041,600,750.00,0.00,450000.00,252000.00,198000.00
SIL-0078,INV-2025-039,ITM-028,600,650.00,0.00,390000.00,228000.00,162000.00
SIL-0079,INV-2025-040,ITM-024,280,1500.00,0.00,420000.00,266000.00,154000.00
SIL-0080,INV-2025-040,ITM-023,379,950.00,0.00,360050.00,227400.00,132650.00
SIL-0081,INV-2025-041,ITM-021,250,850.00,0.00,212500.00,125000.00,87500.00
SIL-0082,INV-2025-041,ITM-022,139,1200.00,0.00,166800.00,104250.00,62550.00
SIL-0083,INV-2025-042,ITM-023,350,950.00,0.00,332500.00,210000.00,122500.00
SIL-0084,INV-2025-042,ITM-041,383,750.00,0.00,287250.00,160860.00,126390.00
SIL-0085,INV-2025-043,ITM-041,450,750.00,0.00,337500.00,189000.00,148500.00
SIL-0086,INV-2025-043,ITM-033,622,550.00,0.00,342100.00,199040.00,143060.00
SIL-0087,INV-2025-044,ITM-023,400,950.00,0.00,380000.00,240000.00,140000.00
SIL-0088,INV-2025-044,ITM-022,308,1200.00,0.00,369600.00,231000.00,138600.00
SIL-0089,INV-2025-045,ITM-002,85,12000.00,2.00,999480.00,722500.00,276980.00
SIL-0090,INV-2025-045,ITM-011,100,9500.00,2.00,931000.00,700000.00,231000.00
SIL-0091,INV-2025-046,ITM-007,180,6500.00,2.00,1146600.00,810000.00,336600.00
SIL-0092,INV-2025-046,ITM-006,260,4500.00,2.00,1146600.00,780000.00,366600.00
SIL-0093,INV-2025-047,ITM-003,120,5500.00,0.00,660000.00,456000.00,204000.00
SIL-0094,INV-2025-047,ITM-005,327,1800.00,0.00,588600.00,359700.00,228900.00
SIL-0095,INV-2025-048,ITM-011,55,9500.00,2.00,511225.00,385000.00,126225.00
SIL-0096,INV-2025-048,ITM-027,155,3500.00,2.00,531650.00,372000.00,159650.00
SIL-0097,INV-2025-049,ITM-001,250,3500.00,0.00,875000.00,550000.00,325000.00
SIL-0098,INV-2025-049,ITM-006,194,4500.00,0.00,873000.00,582000.00,291000.00
SIL-0099,INV-2025-050,ITM-007,120,6500.00,2.00,764400.00,540000.00,224400.00
SIL-0100,INV-2025-050,ITM-011,67,9500.00,2.00,622985.00,469000.00,153985.00
SIL-0101,INV-2025-051,ITM-025,200,2800.00,2.00,548800.00,380000.00,168800.00
SIL-0102,INV-2025-051,ITM-027,145,3500.00,2.00,497190.00,348000.00,149190.00
SIL-0103,INV-2025-052,ITM-024,300,1500.00,0.00,450000.00,285000.00,165000.00
SIL-0104,INV-2025-052,ITM-021,506,850.00,0.00,430100.00,253000.00,177100.00
SIL-0105,INV-2025-053,ITM-023,350,950.00,0.00,332500.00,210000.00,122500.00
SIL-0106,INV-2025-053,ITM-041,463,750.00,0.00,347250.00,194460.00,152790.00
SIL-0107,INV-2025-054,ITM-024,350,1500.00,0.00,525000.00,332500.00,192500.00
SIL-0108,INV-2025-054,ITM-022,354,1200.00,0.00,424800.00,265500.00,159300.00
SIL-0109,INV-2025-055,ITM-006,130,4500.00,0.00,585000.00,390000.00,195000.00
SIL-0110,INV-2025-055,ITM-001,150,3500.00,0.00,525000.00,330000.00,195000.00
SIL-0111,INV-2025-056,ITM-028,400,650.00,0.00,260000.00,152000.00,108000.00
SIL-0112,INV-2025-056,ITM-041,347,750.00,0.00,260250.00,145740.00,114510.00
SIL-0113,INV-2025-057,ITM-001,130,3500.00,0.00,455000.00,286000.00,169000.00
SIL-0114,INV-2025-057,ITM-008,87,4200.00,0.00,365400.00,252300.00,113100.00
SIL-0115,INV-2025-058,ITM-023,330,950.00,0.00,313500.00,198000.00,115500.00
SIL-0116,INV-2025-058,ITM-047,806,380.00,0.00,306280.00,177320.00,128960.00
SIL-0117,INV-2025-059,ITM-002,100,12000.00,2.00,1176000.00,850000.00,326000.00
SIL-0118,INV-2025-059,ITM-007,160,6500.00,2.00,1018400.00,720000.00,298400.00
SIL-0119,INV-2025-060,ITM-006,350,4500.00,2.00,1543500.00,1050000.00,493500.00
SIL-0120,INV-2025-060,ITM-001,300,3500.00,2.00,1029000.00,660000.00,369000.00
SIL-0121,INV-2025-061,ITM-003,150,5500.00,0.00,825000.00,570000.00,255000.00
SIL-0122,INV-2025-061,ITM-005,347,1800.00,0.00,624600.00,381700.00,242900.00
SIL-0123,INV-2025-062,ITM-011,65,9500.00,2.00,604175.00,455000.00,149175.00
SIL-0124,INV-2025-062,ITM-027,158,3500.00,2.00,541428.00,379200.00,162228.00
SIL-0125,INV-2025-063,ITM-003,200,5500.00,0.00,1100000.00,760000.00,340000.00
SIL-0126,INV-2025-063,ITM-001,228,3500.00,0.00,798000.00,501600.00,296400.00
SIL-0127,INV-2025-064,ITM-007,130,6500.00,2.00,828100.00,585000.00,243100.00
SIL-0128,INV-2025-064,ITM-011,72,9500.00,2.00,669240.00,504000.00,165240.00
SIL-0129,INV-2025-065,ITM-025,220,2800.00,2.00,603680.00,418000.00,185680.00
SIL-0130,INV-2025-065,ITM-027,168,3500.00,2.00,576072.00,403200.00,172872.00
SIL-0131,INV-2025-066,ITM-024,340,1500.00,0.00,510000.00,323000.00,187000.00
SIL-0132,INV-2025-066,ITM-022,367,1200.00,0.00,440400.00,275250.00,165150.00
SIL-0133,INV-2025-067,ITM-024,380,1500.00,0.00,570000.00,361000.00,209000.00
SIL-0134,INV-2025-067,ITM-023,505,950.00,0.00,479750.00,303000.00,176750.00
SIL-0135,INV-2025-068,ITM-006,150,4500.00,0.00,675000.00,450000.00,225000.00
SIL-0136,INV-2025-068,ITM-021,677,850.00,0.00,575450.00,338500.00,236950.00
SIL-0137,INV-2025-069,ITM-001,150,3500.00,0.00,525000.00,330000.00,195000.00
SIL-0138,INV-2025-069,ITM-005,292,1800.00,0.00,525600.00,321200.00,204400.00
SIL-0139,INV-2025-070,ITM-041,600,750.00,0.00,450000.00,252000.00,198000.00
SIL-0140,INV-2025-070,ITM-033,782,550.00,0.00,430100.00,250240.00,179860.00
SIL-0141,INV-2025-071,ITM-003,100,5500.00,0.00,550000.00,380000.00,170000.00
SIL-0142,INV-2025-071,ITM-021,506,850.00,0.00,430100.00,253000.00,177100.00
SIL-0143,INV-2025-072,ITM-024,240,1500.00,0.00,360000.00,228000.00,132000.00
SIL-0144,INV-2025-072,ITM-047,847,380.00,0.00,321860.00,186340.00,135520.00
SIL-0145,INV-2025-073,ITM-041,500,750.00,0.00,375000.00,210000.00,165000.00
SIL-0146,INV-2025-073,ITM-028,531,650.00,0.00,345150.00,201780.00,143370.00
SIL-0147,INV-2025-074,ITM-023,480,950.00,0.00,456000.00,288000.00,168000.00
SIL-0148,INV-2025-074,ITM-047,1039,380.00,0.00,394820.00,228580.00,166240.00
SIL-0149,INV-2025-075,ITM-002,90,12000.00,2.00,1058400.00,765000.00,293400.00
SIL-0150,INV-2025-075,ITM-011,110,9500.00,2.00,1023100.00,770000.00,253100.00
SIL-0151,INV-2025-076,ITM-007,220,6500.00,2.00,1401400.00,990000.00,411400.00
SIL-0152,INV-2025-076,ITM-006,230,4500.00,2.00,1013850.00,690000.00,323850.00
SIL-0153,INV-2025-077,ITM-003,130,5500.00,0.00,715000.00,494000.00,221000.00
SIL-0154,INV-2025-077,ITM-006,131,4500.00,0.00,589500.00,393000.00,196500.00
SIL-0155,INV-2025-078,ITM-011,57,9500.00,2.00,529935.00,399000.00,130935.00
SIL-0156,INV-2025-078,ITM-027,155,3500.00,2.00,531650.00,372000.00,159650.00
SIL-0157,INV-2025-079,ITM-001,220,3500.00,0.00,770000.00,484000.00,286000.00
SIL-0158,INV-2025-079,ITM-005,572,1800.00,0.00,1029600.00,629200.00,400400.00
SIL-0159,INV-2025-080,ITM-007,120,6500.00,2.00,764400.00,540000.00,224400.00
SIL-0160,INV-2025-080,ITM-011,68,9500.00,2.00,631940.00,476000.00,155940.00
SIL-0161,INV-2025-081,ITM-025,200,2800.00,2.00,548800.00,380000.00,168800.00
SIL-0162,INV-2025-081,ITM-027,155,3500.00,2.00,531650.00,372000.00,159650.00
SIL-0163,INV-2025-082,ITM-024,360,1500.00,0.00,540000.00,342000.00,198000.00
SIL-0164,INV-2025-082,ITM-023,464,950.00,0.00,440800.00,278400.00,162400.00
SIL-0165,INV-2025-083,ITM-006,140,4500.00,0.00,630000.00,420000.00,210000.00
SIL-0166,INV-2025-083,ITM-021,612,850.00,0.00,520200.00,306000.00,214200.00
SIL-0167,INV-2025-084,ITM-003,90,5500.00,0.00,495000.00,342000.00,153000.00
SIL-0168,INV-2025-084,ITM-048,676,600.00,0.00,405600.00,236600.00,169000.00
SIL-0169,INV-2025-085,ITM-041,600,750.00,0.00,450000.00,252000.00,198000.00
SIL-0170,INV-2025-085,ITM-022,308,1200.00,0.00,369600.00,231000.00,138600.00
SIL-0171,INV-2025-086,ITM-024,240,1500.00,0.00,360000.00,228000.00,132000.00
SIL-0172,INV-2025-086,ITM-023,337,950.00,0.00,320150.00,202200.00,117950.00
SIL-0173,INV-2025-087,ITM-028,450,650.00,0.00,292500.00,171000.00,121500.00
SIL-0174,INV-2025-087,ITM-033,486,550.00,0.00,267300.00,155520.00,111780.00
SIL-0175,INV-2025-088,ITM-023,450,950.00,0.00,427500.00,270000.00,157500.00
SIL-0176,INV-2025-088,ITM-021,426,850.00,0.00,362100.00,213000.00,149100.00
SIL-0177,INV-2025-089,ITM-002,100,12000.00,2.00,1176000.00,850000.00,326000.00
SIL-0178,INV-2025-089,ITM-007,190,6500.00,2.00,1210300.00,855000.00,355300.00
SIL-0179,INV-2025-090,ITM-001,400,3500.00,2.00,1372000.00,880000.00,492000.00
SIL-0180,INV-2025-090,ITM-006,330,4500.00,2.00,1455300.00,990000.00,465300.00
SIL-0181,INV-2025-091,ITM-003,160,5500.00,0.00,880000.00,608000.00,272000.00
SIL-0182,INV-2025-091,ITM-006,150,4500.00,0.00,675000.00,450000.00,225000.00
SIL-0183,INV-2025-092,ITM-011,70,9500.00,2.00,650650.00,490000.00,160650.00
SIL-0184,INV-2025-092,ITM-027,175,3500.00,2.00,600075.00,420000.00,180075.00
SIL-0185,INV-2025-093,ITM-003,210,5500.00,0.00,1155000.00,798000.00,357000.00
SIL-0186,INV-2025-093,ITM-001,270,3500.00,0.00,945000.00,594000.00,351000.00
SIL-0187,INV-2025-094,ITM-007,140,6500.00,2.00,891800.00,630000.00,261800.00
SIL-0188,INV-2025-094,ITM-011,80,9500.00,2.00,744400.00,560000.00,184400.00
SIL-0189,INV-2025-095,ITM-025,235,2800.00,2.00,645428.00,446500.00,198928.00
SIL-0190,INV-2025-095,ITM-027,190,3500.00,2.00,651140.00,456000.00,195140.00
SIL-0191,INV-2025-096,ITM-024,380,1500.00,0.00,570000.00,361000.00,209000.00
SIL-0192,INV-2025-096,ITM-022,400,1200.00,0.00,480000.00,300000.00,180000.00
SIL-0193,INV-2025-097,ITM-024,400,1500.00,0.00,600000.00,380000.00,220000.00
SIL-0194,INV-2025-097,ITM-023,526,950.00,0.00,499700.00,315600.00,184100.00
SIL-0195,INV-2025-098,ITM-006,160,4500.00,0.00,720000.00,480000.00,240000.00
SIL-0196,INV-2025-098,ITM-021,682,850.00,0.00,579700.00,341000.00,238700.00
SIL-0197,INV-2025-099,ITM-001,160,3500.00,0.00,560000.00,352000.00,208000.00
SIL-0198,INV-2025-099,ITM-005,272,1800.00,0.00,489600.00,299200.00,190400.00
SIL-0199,INV-2025-100,ITM-041,700,750.00,0.00,525000.00,294000.00,231000.00
SIL-0200,INV-2025-100,ITM-028,653,650.00,0.00,424450.00,248140.00,176310.00
SIL-0201,INV-2025-101,ITM-003,110,5500.00,0.00,605000.00,418000.00,187000.00
SIL-0202,INV-2025-101,ITM-008,118,4200.00,0.00,495600.00,342200.00,153400.00
SIL-0203,INV-2025-102,ITM-024,280,1500.00,0.00,420000.00,266000.00,154000.00
SIL-0204,INV-2025-102,ITM-047,947,380.00,0.00,359860.00,208340.00,151520.00
SIL-0205,INV-2025-103,ITM-041,600,750.00,0.00,450000.00,252000.00,198000.00
SIL-0206,INV-2025-103,ITM-033,672,550.00,0.00,369600.00,215040.00,154560.00
SIL-0207,INV-2025-104,ITM-023,510,950.00,0.00,484500.00,306000.00,178500.00
SIL-0208,INV-2025-104,ITM-022,346,1200.00,0.00,415200.00,259500.00,155700.00
SIL-0209,INV-2025-105,ITM-002,110,12000.00,2.00,1293600.00,935000.00,358600.00
SIL-0210,INV-2025-105,ITM-011,140,9500.00,2.00,1301580.00,980000.00,321580.00
SIL-0211,INV-2025-106,ITM-007,240,6500.00,2.00,1529280.00,1080000.00,449280.00
SIL-0212,INV-2025-106,ITM-006,330,4500.00,2.00,1455300.00,990000.00,465300.00
SIL-0213,INV-2025-107,ITM-003,170,5500.00,0.00,935000.00,646000.00,289000.00
SIL-0214,INV-2025-107,ITM-006,170,4500.00,0.00,765000.00,510000.00,255000.00
SIL-0215,INV-2025-108,ITM-011,75,9500.00,2.00,693450.00,525000.00,168450.00
SIL-0216,INV-2025-108,ITM-027,190,3500.00,2.00,651140.00,456000.00,195140.00
SIL-0217,INV-2025-109,ITM-003,230,5500.00,0.00,1265000.00,874000.00,391000.00
SIL-0218,INV-2025-109,ITM-001,270,3500.00,0.00,945000.00,594000.00,351000.00
SIL-0219,INV-2025-110,ITM-007,150,6500.00,2.00,955500.00,675000.00,280500.00
SIL-0220,INV-2025-110,ITM-011,84,9500.00,2.00,780780.00,588000.00,192780.00
SIL-0221,INV-2025-111,ITM-025,260,2800.00,2.00,713440.00,494000.00,219440.00
SIL-0222,INV-2025-111,ITM-027,199,3500.00,2.00,682174.00,477600.00,204574.00
SIL-0223,INV-2025-112,ITM-024,400,1500.00,0.00,600000.00,380000.00,220000.00
SIL-0224,INV-2025-112,ITM-022,417,1200.00,0.00,500400.00,312750.00,187650.00
SIL-0225,INV-2025-113,ITM-024,430,1500.00,0.00,645000.00,408500.00,236500.00
SIL-0226,INV-2025-113,ITM-023,584,950.00,0.00,554800.00,350400.00,204400.00
SIL-0227,INV-2025-114,ITM-006,170,4500.00,0.00,765000.00,510000.00,255000.00
SIL-0228,INV-2025-114,ITM-021,748,850.00,0.00,635800.00,374000.00,261800.00
SIL-0229,INV-2025-115,ITM-001,170,3500.00,0.00,595000.00,374000.00,221000.00
SIL-0230,INV-2025-115,ITM-008,121,4200.00,0.00,508200.00,350900.00,157300.00
SIL-0231,INV-2025-116,ITM-041,700,750.00,0.00,525000.00,294000.00,231000.00
SIL-0232,INV-2025-116,ITM-028,700,650.00,0.00,455000.00,266000.00,189000.00
SIL-0233,INV-2025-117,ITM-028,600,650.00,0.00,390000.00,228000.00,162000.00
SIL-0234,INV-2025-117,ITM-033,527,550.00,0.00,288850.00,168640.00,120210.00
SIL-0235,INV-2025-118,ITM-023,430,950.00,0.00,408500.00,258000.00,150500.00
SIL-0236,INV-2025-118,ITM-022,310,1200.00,0.00,372000.00,232500.00,139500.00
SIL-0237,INV-2025-119,ITM-041,500,750.00,0.00,375000.00,210000.00,165000.00
SIL-0238,INV-2025-119,ITM-048,375,600.00,0.00,225000.00,187500.00,37500.00
SIL-0239,INV-2025-120,ITM-023,467,950.00,0.00,443650.00,280200.00,163450.00
SIL-0240,INV-2025-120,ITM-047,995,380.00,0.00,378100.00,218900.00,159200.00
SIL-0241,INV-2025-121,ITM-002,100,12000.00,2.00,1176000.00,850000.00,326000.00
SIL-0242,INV-2025-121,ITM-011,120,9500.00,2.00,1115280.00,840000.00,275280.00
SIL-0243,INV-2025-122,ITM-007,260,6500.00,2.00,1657020.00,1170000.00,487020.00
SIL-0244,INV-2025-122,ITM-006,237,4500.00,2.00,1044891.00,711000.00,333891.00
SIL-0245,INV-2025-123,ITM-003,160,5500.00,0.00,880000.00,608000.00,272000.00
SIL-0246,INV-2025-123,ITM-006,138,4500.00,0.00,621000.00,414000.00,207000.00
SIL-0247,INV-2025-124,ITM-011,63,9500.00,2.00,585837.00,441000.00,144837.00
SIL-0248,INV-2025-124,ITM-027,165,3500.00,2.00,565950.00,396000.00,169950.00
SIL-0249,INV-2025-125,ITM-003,200,5500.00,0.00,1100000.00,760000.00,340000.00
SIL-0250,INV-2025-125,ITM-001,228,3500.00,0.00,798000.00,501600.00,296400.00
SIL-0251,INV-2025-126,ITM-007,140,6500.00,2.00,891800.00,630000.00,261800.00
SIL-0252,INV-2025-126,ITM-011,76,9500.00,2.00,706580.00,532000.00,174580.00
SIL-0253,INV-2025-127,ITM-025,230,2800.00,2.00,631312.00,437000.00,194312.00
SIL-0254,INV-2025-127,ITM-027,181,3500.00,2.00,620588.00,434400.00,186188.00
SIL-0255,INV-2025-128,ITM-024,407,1500.00,0.00,610500.00,386650.00,223850.00
SIL-0256,INV-2025-128,ITM-022,408,1200.00,0.00,489600.00,306000.00,183600.00
SIL-0257,INV-2025-129,ITM-006,150,4500.00,0.00,675000.00,450000.00,225000.00
SIL-0258,INV-2025-129,ITM-021,618,850.00,0.00,525300.00,309000.00,216300.00
SIL-0259,INV-2025-130,ITM-024,360,1500.00,0.00,540000.00,342000.00,198000.00
SIL-0260,INV-2025-130,ITM-023,431,950.00,0.00,409450.00,258600.00,150850.00
SIL-0261,INV-2025-131,ITM-001,145,3500.00,0.00,507500.00,319000.00,188500.00
SIL-0262,INV-2025-131,ITM-008,105,4200.00,0.00,441000.00,304500.00,136500.00
SIL-0263,INV-2025-132,ITM-003,90,5500.00,0.00,495000.00,342000.00,153000.00
SIL-0264,INV-2025-132,ITM-048,643,600.00,0.00,385800.00,192900.00,192900.00
SIL-0265,INV-2025-133,ITM-041,500,750.00,0.00,375000.00,210000.00,165000.00
SIL-0266,INV-2025-133,ITM-022,254,1200.00,0.00,304800.00,190500.00,114300.00
SIL-0267,INV-2025-134,ITM-023,490,950.00,0.00,465500.00,294000.00,171500.00
SIL-0268,INV-2025-134,ITM-047,1011,380.00,0.00,384180.00,222420.00,161760.00
SIL-0269,INV-2025-135,ITM-002,110,12000.00,2.00,1293600.00,935000.00,358600.00
SIL-0270,INV-2025-135,ITM-011,130,9500.00,2.00,1208660.00,910000.00,298660.00
SIL-0271,INV-2025-136,ITM-007,250,6500.00,2.00,1592500.00,1125000.00,467500.00
SIL-0272,INV-2025-136,ITM-006,300,4500.00,2.00,1323000.00,900000.00,423000.00
SIL-0273,INV-2025-137,ITM-003,168,5500.00,0.00,924000.00,638400.00,285600.00
SIL-0274,INV-2025-137,ITM-006,152,4500.00,0.00,684000.00,456000.00,228000.00
SIL-0275,INV-2025-138,ITM-011,68,9500.00,2.00,631940.00,476000.00,155940.00
SIL-0276,INV-2025-138,ITM-027,175,3500.00,2.00,600075.00,420000.00,180075.00
SIL-0277,INV-2025-139,ITM-003,210,5500.00,0.00,1155000.00,798000.00,357000.00
SIL-0278,INV-2025-139,ITM-001,241,3500.00,0.00,843500.00,530200.00,313300.00
SIL-0279,INV-2025-140,ITM-007,145,6500.00,2.00,924185.00,652500.00,271685.00
SIL-0280,INV-2025-140,ITM-011,82,9500.00,2.00,762166.00,574000.00,188166.00
SIL-0281,INV-2025-141,ITM-025,240,2800.00,2.00,658944.00,456000.00,202944.00
SIL-0282,INV-2025-141,ITM-027,185,3500.00,2.00,634270.00,444000.00,190270.00
SIL-0283,INV-2025-142,ITM-024,410,1500.00,0.00,615000.00,389500.00,225500.00
SIL-0284,INV-2025-142,ITM-022,446,1200.00,0.00,535200.00,334500.00,200700.00
SIL-0285,INV-2025-143,ITM-006,155,4500.00,0.00,697500.00,465000.00,232500.00
SIL-0286,INV-2025-143,ITM-021,650,850.00,0.00,552500.00,325000.00,227500.00
SIL-0287,INV-2025-144,ITM-001,170,3500.00,0.00,595000.00,374000.00,221000.00
SIL-0288,INV-2025-144,ITM-005,281,1800.00,0.00,505800.00,309100.00,196700.00
SIL-0289,INV-2025-145,ITM-024,380,1500.00,0.00,570000.00,361000.00,209000.00
SIL-0290,INV-2025-145,ITM-022,358,1200.00,0.00,429600.00,268500.00,161100.00
SIL-0291,INV-2025-146,ITM-003,100,5500.00,0.00,550000.00,380000.00,170000.00
SIL-0292,INV-2025-146,ITM-024,300,1500.00,0.00,450000.00,285000.00,165000.00
SIL-0293,INV-2025-147,ITM-041,620,750.00,0.00,465000.00,260400.00,204600.00
SIL-0294,INV-2025-147,ITM-028,596,650.00,0.00,387400.00,226480.00,160920.00
SIL-0295,INV-2025-148,ITM-023,470,950.00,0.00,446500.00,282000.00,164500.00
SIL-0296,INV-2025-148,ITM-047,1062,380.00,0.00,403560.00,233640.00,169920.00
SIL-0297,INV-2025-149,ITM-041,550,750.00,0.00,412500.00,231000.00,181500.00
SIL-0298,INV-2025-149,ITM-033,668,550.00,0.00,367400.00,213760.00,153640.00
SIL-0299,INV-2025-150,ITM-023,510,950.00,0.00,484500.00,306000.00,178500.00
SIL-0300,INV-2025-150,ITM-022,346,1200.00,0.00,415200.00,259500.00,155700.00
SIL-0301,INV-2025-151,ITM-002,120,12000.00,2.00,1411200.00,1020000.00,391200.00
SIL-0302,INV-2025-151,ITM-011,128,9500.00,2.00,1190912.00,896000.00,294912.00
SIL-0303,INV-2025-152,ITM-007,280,6500.00,2.00,1784840.00,1260000.00,524840.00
SIL-0304,INV-2025-152,ITM-006,303,4500.00,2.00,1336221.00,909000.00,427221.00
SIL-0305,INV-2025-153,ITM-003,175,5500.00,0.00,962500.00,665000.00,297500.00
SIL-0306,INV-2025-153,ITM-001,198,3500.00,0.00,693000.00,435600.00,257400.00
SIL-0307,INV-2025-154,ITM-011,72,9500.00,2.00,669240.00,504000.00,165240.00
SIL-0308,INV-2025-154,ITM-007,87,6500.00,2.00,554826.00,391500.00,163326.00
SIL-0309,INV-2025-155,ITM-003,230,5500.00,0.00,1265000.00,874000.00,391000.00
SIL-0310,INV-2025-155,ITM-001,238,3500.00,0.00,833000.00,523600.00,309400.00
SIL-0311,INV-2025-156,ITM-007,160,6500.00,2.00,1019840.00,720000.00,299840.00
SIL-0312,INV-2025-156,ITM-011,83,9500.00,2.00,771814.00,581000.00,190814.00
SIL-0313,INV-2025-157,ITM-025,260,2800.00,2.00,713440.00,494000.00,219440.00
SIL-0314,INV-2025-157,ITM-027,199,3500.00,2.00,682174.00,477600.00,204574.00
SIL-0315,INV-2025-158,ITM-024,445,1500.00,0.00,667500.00,422750.00,244750.00
SIL-0316,INV-2025-158,ITM-022,444,1200.00,0.00,532800.00,333000.00,199800.00
SIL-0317,INV-2025-159,ITM-006,160,4500.00,0.00,720000.00,480000.00,240000.00
SIL-0318,INV-2025-159,ITM-021,682,850.00,0.00,579700.00,341000.00,238700.00
SIL-0319,INV-2025-160,ITM-001,175,3500.00,0.00,612500.00,385000.00,227500.00
SIL-0320,INV-2025-160,ITM-005,271,1800.00,0.00,487800.00,298100.00,189700.00
SIL-0321,INV-2025-161,ITM-003,130,5500.00,0.00,715000.00,494000.00,221000.00
SIL-0322,INV-2025-161,ITM-008,116,4200.00,0.00,487200.00,336400.00,150800.00
SIL-0323,INV-2025-162,ITM-024,400,1500.00,0.00,600000.00,380000.00,220000.00
SIL-0324,INV-2025-162,ITM-022,417,1200.00,0.00,500400.00,312750.00,187650.00
SIL-0325,INV-2025-163,ITM-041,650,750.00,0.00,487500.00,273000.00,214500.00
SIL-0326,INV-2025-163,ITM-023,433,950.00,0.00,411350.00,259800.00,151550.00
SIL-0327,INV-2025-164,ITM-023,490,950.00,0.00,465500.00,294000.00,171500.00
SIL-0328,INV-2025-164,ITM-047,1013,380.00,0.00,384940.00,222860.00,162080.00
SIL-0329,INV-2025-165,ITM-024,360,1500.00,0.00,540000.00,342000.00,198000.00
SIL-0330,INV-2025-165,ITM-022,342,1200.00,0.00,410400.00,256500.00,153900.00
SIL-0331,INV-2025-166,ITM-023,530,950.00,0.00,503500.00,318000.00,185500.00
SIL-0332,INV-2025-166,ITM-041,662,750.00,0.00,496500.00,278040.00,218460.00
SIL-0333,INV-2025-167,ITM-002,120,12000.00,2.00,1411200.00,1020000.00,391200.00
SIL-0334,INV-2025-167,ITM-011,138,9500.00,2.00,1283916.00,966000.00,317916.00
SIL-0335,INV-2025-168,ITM-007,290,6500.00,2.00,1848810.00,1305000.00,543810.00
SIL-0336,INV-2025-168,ITM-006,310,4500.00,2.00,1367190.00,930000.00,437190.00
SIL-0337,INV-2025-169,ITM-003,185,5500.00,0.00,1017500.00,703000.00,314500.00
SIL-0338,INV-2025-169,ITM-006,163,4500.00,0.00,733500.00,489000.00,244500.00
SIL-0339,INV-2025-170,ITM-011,76,9500.00,2.00,706580.00,532000.00,174580.00
SIL-0340,INV-2025-170,ITM-027,201,3500.00,2.00,689028.00,482400.00,206628.00
SIL-0341,INV-2025-171,ITM-003,240,5500.00,0.00,1320000.00,912000.00,408000.00
SIL-0342,INV-2025-171,ITM-001,251,3500.00,0.00,878500.00,552200.00,326300.00
SIL-0343,INV-2025-172,ITM-007,166,6500.00,2.00,1057746.00,747000.00,310746.00
SIL-0344,INV-2025-172,ITM-011,89,9500.00,2.00,827486.00,623000.00,204486.00
SIL-0345,INV-2025-173,ITM-025,283,2800.00,2.00,776726.00,537700.00,239026.00
SIL-0346,INV-2025-173,ITM-027,215,3500.00,2.00,737030.00,516000.00,221030.00
SIL-0347,INV-2025-174,ITM-024,460,1500.00,0.00,690000.00,437000.00,253000.00
SIL-0348,INV-2025-174,ITM-022,467,1200.00,0.00,560400.00,350250.00,210150.00
SIL-0349,INV-2025-175,ITM-006,168,4500.00,0.00,756000.00,504000.00,252000.00
SIL-0350,INV-2025-175,ITM-021,698,850.00,0.00,593300.00,349000.00,244300.00
SIL-0351,INV-2025-176,ITM-001,180,3500.00,0.00,630000.00,396000.00,234000.00
SIL-0352,INV-2025-176,ITM-005,289,1800.00,0.00,520200.00,317900.00,202300.00
SIL-0353,INV-2025-177,ITM-003,140,5500.00,0.00,770000.00,532000.00,238000.00
SIL-0354,INV-2025-177,ITM-008,114,4200.00,0.00,478800.00,330600.00,148200.00
SIL-0355,INV-2025-178,ITM-041,620,750.00,0.00,465000.00,260400.00,204600.00
SIL-0356,INV-2025-178,ITM-028,669,650.00,0.00,434850.00,254220.00,180630.00
SIL-0357,INV-2025-179,ITM-024,360,1500.00,0.00,540000.00,342000.00,198000.00
SIL-0358,INV-2025-179,ITM-022,383,1200.00,0.00,459600.00,287250.00,172350.00
SIL-0359,INV-2025-180,ITM-028,550,650.00,0.00,357500.00,209000.00,148500.00
SIL-0360,INV-2025-180,ITM-033,530,550.00,0.00,291500.00,169600.00,121900.00
SIL-0361,INV-2025-181,ITM-023,490,950.00,0.00,465500.00,294000.00,171500.00
SIL-0362,INV-2025-181,ITM-041,519,750.00,0.00,389250.00,217980.00,171270.00
SIL-0363,INV-2025-182,ITM-041,500,750.00,0.00,375000.00,210000.00,165000.00
SIL-0364,INV-2025-182,ITM-033,622,550.00,0.00,342100.00,199040.00,143060.00
SIL-0365,INV-2025-183,ITM-024,360,1500.00,0.00,540000.00,342000.00,198000.00
SIL-0366,INV-2025-183,ITM-022,383,1200.00,0.00,459600.00,287250.00,172350.00
SIL-0367,INV-2025-184,ITM-023,490,950.00,0.00,465500.00,294000.00,171500.00
SIL-0368,INV-2025-184,ITM-047,1011,380.00,0.00,384180.00,222420.00,161760.00
SIL-0369,INV-2026-001,ITM-002,110,12000.00,2.00,1293600.00,935000.00,358600.00
SIL-0370,INV-2026-001,ITM-011,120,9500.00,2.00,1115280.00,840000.00,275280.00
SIL-0371,INV-2026-002,ITM-007,260,6500.00,2.00,1657020.00,1170000.00,487020.00
SIL-0372,INV-2026-002,ITM-006,257,4500.00,2.00,1133163.00,771000.00,362163.00
SIL-0373,INV-2026-003,ITM-003,160,5500.00,0.00,880000.00,608000.00,272000.00
SIL-0374,INV-2026-003,ITM-006,116,4500.00,0.00,522000.00,348000.00,174000.00
SIL-0375,INV-2026-004,ITM-011,68,9500.00,2.00,631940.00,476000.00,155940.00
SIL-0376,INV-2026-004,ITM-027,178,3500.00,2.00,610236.00,427200.00,183036.00
SIL-0377,INV-2026-005,ITM-003,200,5500.00,0.00,1100000.00,760000.00,340000.00
SIL-0378,INV-2026-005,ITM-001,214,3500.00,0.00,749000.00,470800.00,278200.00
SIL-0379,INV-2026-006,ITM-007,140,6500.00,2.00,891800.00,630000.00,261800.00
SIL-0380,INV-2026-006,ITM-011,76,9500.00,2.00,706580.00,532000.00,174580.00
SIL-0381,INV-2026-007,ITM-025,230,2800.00,2.00,631312.00,437000.00,194312.00
SIL-0382,INV-2026-007,ITM-027,181,3500.00,2.00,620588.00,434400.00,186188.00
SIL-0383,INV-2026-008,ITM-024,330,1500.00,0.00,495000.00,313500.00,181500.00
SIL-0384,INV-2026-008,ITM-022,338,1200.00,0.00,405600.00,253500.00,152100.00
SIL-0385,INV-2026-009,ITM-006,135,4500.00,0.00,607500.00,405000.00,202500.00
SIL-0386,INV-2026-009,ITM-021,521,850.00,0.00,442850.00,260500.00,182350.00
SIL-0387,INV-2026-010,ITM-001,170,3500.00,0.00,595000.00,374000.00,221000.00
SIL-0388,INV-2026-010,ITM-005,281,1800.00,0.00,505800.00,309100.00,196700.00
SIL-0389,INV-2026-011,ITM-024,380,1500.00,0.00,570000.00,361000.00,209000.00
SIL-0390,INV-2026-011,ITM-022,400,1200.00,0.00,480000.00,300000.00,180000.00
SIL-0391,INV-2026-012,ITM-023,480,950.00,0.00,456000.00,288000.00,168000.00
SIL-0392,INV-2026-012,ITM-047,1037,380.00,0.00,394060.00,228140.00,165920.00
SIL-0393,INV-2026-013,ITM-002,80,12000.00,2.00,940800.00,680000.00,260800.00
SIL-0394,INV-2026-013,ITM-011,91,9500.00,2.00,845873.00,637000.00,208873.00
SIL-0395,INV-2026-014,ITM-007,190,6500.00,2.00,1210300.00,855000.00,355300.00
SIL-0396,INV-2026-014,ITM-006,200,4500.00,2.00,882000.00,600000.00,282000.00
SIL-0397,INV-2026-015,ITM-003,130,5500.00,0.00,715000.00,494000.00,221000.00
SIL-0398,INV-2026-015,ITM-006,108,4500.00,0.00,486000.00,324000.00,162000.00
SIL-0399,INV-2026-016,ITM-011,72,9500.00,2.00,669240.00,504000.00,165240.00
SIL-0400,INV-2026-016,ITM-027,195,3500.00,2.00,668850.00,468000.00,200850.00
SIL-0401,INV-2026-017,ITM-025,200,2800.00,2.00,548800.00,380000.00,168800.00
SIL-0402,INV-2026-017,ITM-027,145,3500.00,2.00,497190.00,348000.00,149190.00
SIL-0403,INV-2026-018,ITM-011,54,9500.00,2.00,502524.00,378000.00,124524.00
SIL-0404,INV-2026-018,ITM-027,138,3500.00,2.00,473004.00,331200.00,141804.00
SIL-0405,INV-2026-019,ITM-003,166,5500.00,0.00,913000.00,630800.00,282200.00
SIL-0406,INV-2026-019,ITM-001,152,3500.00,0.00,532000.00,334400.00,197600.00
SIL-0407,INV-2026-020,ITM-007,110,6500.00,2.00,700810.00,495000.00,205810.00
SIL-0408,INV-2026-020,ITM-011,68,9500.00,2.00,631940.00,476000.00,155940.00
SIL-0409,INV-2026-021,ITM-002,100,12000.00,2.00,1176000.00,850000.00,326000.00
SIL-0410,INV-2026-021,ITM-007,160,6500.00,2.00,1018400.00,720000.00,298400.00
SIL-0411,INV-2026-022,ITM-002,80,12000.00,2.00,940800.00,680000.00,260800.00
SIL-0412,INV-2026-022,ITM-011,91,9500.00,2.00,845873.00,637000.00,208873.00
