item_id,warehouse_id,quantity_available,quantity_reserved,quantity_on_order,average_cost,stock_value,last_updated
ITM-001,WH-001,1240,150,0,1855.00,2301620.00,2026-03-01
ITM-001,WH-002,480,60,0,1855.00,890400.00,2026-03-01
ITM-001,WH-003,185,20,0,1855.00,343175.00,2026-02-28
ITM-002,WH-001,85,0,2000,4200.00,357000.00,2026-03-03
ITM-002,WH-002,46,0,500,4200.00,193200.00,2026-03-01
ITM-003,WH-001,620,80,0,3110.00,1928200.00,2026-02-27
ITM-003,WH-002,210,30,0,3110.00,653100.00,2026-02-25
ITM-004,WH-001,145,20,0,8520.00,1235400.00,2026-02-20
ITM-004,WH-002,48,5,0,8520.00,408960.00,2026-02-18
ITM-005,WH-001,2850,300,0,982.00,2798700.00,2026-03-01
ITM-005,WH-002,920,100,0,982.00,903240.00,2026-03-01
ITM-005,WH-003,350,50,0,982.00,343700.00,2026-02-28
ITM-006,WH-001,840,100,0,2205.00,1852200.00,2026-02-25
ITM-006,WH-002,310,40,0,2205.00,683550.00,2026-02-22
ITM-007,WH-001,520,70,0,6810.00,3541200.00,2026-03-01
ITM-007,WH-002,180,25,0,6810.00,1225800.00,2026-02-28
ITM-008,WH-001,380,50,0,4510.00,1713800.00,2026-02-20
ITM-008,WH-002,120,15,0,4510.00,541200.00,2026-02-18
ITM-009,WH-001,290,40,0,3810.00,1104900.00,2026-02-22
ITM-009,WH-002,88,10,0,3810.00,335280.00,2026-02-20
ITM-010,WH-001,3200,400,0,855.00,2736000.00,2026-03-01
ITM-010,WH-002,1100,150,0,855.00,940500.00,2026-03-01
ITM-010,WH-003,440,60,0,855.00,376200.00,2026-02-28
ITM-011,WH-001,22,0,250,9510.00,209220.00,2026-03-04
ITM-011,WH-002,14,0,0,9510.00,133140.00,2026-03-02
ITM-012,WH-001,580,70,0,2410.00,1397800.00,2026-02-28
ITM-012,WH-002,195,25,0,2410.00,469950.00,2026-02-25
ITM-013,WH-001,345,45,0,3210.00,1107450.00,2026-02-20
ITM-013,WH-002,112,15,0,3210.00,359520.00,2026-02-18
ITM-014,WH-001,195,25,0,5615.00,1094925.00,2026-02-15
ITM-014,WH-002,62,8,0,5615.00,348130.00,2026-02-12
ITM-015,WH-001,645,80,0,3510.00,2263950.00,2026-02-28
ITM-015,WH-002,210,30,0,3510.00,737100.00,2026-02-25
ITM-016,WH-001,285,35,0,4815.00,1372275.00,2026-02-22
ITM-016,WH-002,95,12,0,4815.00,457425.00,2026-02-20
ITM-017,WH-001,680,90,0,5215.00,3546200.00,2026-03-01
ITM-017,WH-002,225,30,0,5215.00,1173375.00,2026-02-28
ITM-017,WH-003,88,12,0,5215.00,458920.00,2026-02-25
ITM-018,WH-001,2200,280,0,755.00,1661000.00,2026-03-01
ITM-018,WH-002,780,100,0,755.00,588900.00,2026-03-01
ITM-019,WH-001,68,5,150,7210.00,490280.00,2026-02-18
ITM-019,WH-002,22,3,0,7210.00,158620.00,2026-02-15
ITM-020,WH-001,325,40,0,1810.00,588250.00,2026-02-22
ITM-020,WH-002,105,15,0,1810.00,190050.00,2026-02-20
ITM-021,WH-001,4200,500,0,422.00,1772400.00,2026-03-03
ITM-021,WH-002,1650,200,0,422.00,696300.00,2026-03-02
ITM-021,WH-003,820,100,0,422.00,346040.00,2026-03-01
ITM-022,WH-001,1850,220,0,1808.00,3344800.00,2026-03-01
ITM-022,WH-002,620,80,0,1808.00,1120960.00,2026-02-28
ITM-023,WH-001,2400,300,0,1205.00,2892000.00,2026-03-01
ITM-023,WH-002,850,100,0,1205.00,1024250.00,2026-02-28
ITM-023,WH-003,310,40,0,1205.00,373550.00,2026-02-25
ITM-024,WH-001,3100,400,0,683.00,2117300.00,2026-03-03
ITM-024,WH-002,980,120,0,683.00,669340.00,2026-03-01
ITM-024,WH-003,420,55,0,683.00,286860.00,2026-02-28
ITM-025,WH-001,4800,600,0,382.00,1833600.00,2026-03-01
ITM-025,WH-002,1650,200,0,382.00,630300.00,2026-03-01
ITM-026,WH-001,5200,650,0,1658.00,8621600.00,2026-03-03
ITM-026,WH-002,1800,220,0,1658.00,2984400.00,2026-03-02
ITM-026,WH-003,720,90,0,1658.00,1193760.00,2026-03-01
ITM-027,WH-001,680,85,0,2812.00,1912160.00,2026-02-28
ITM-027,WH-002,220,28,0,2812.00,618640.00,2026-02-25
ITM-028,WH-001,920,115,0,2208.00,2031360.00,2026-02-28
ITM-028,WH-002,310,40,0,2208.00,684480.00,2026-02-25
ITM-029,WH-001,2100,260,0,182.00,382200.00,2026-03-01
ITM-029,WH-002,720,90,0,182.00,131040.00,2026-02-28
ITM-030,WH-001,2800,350,0,222.00,621600.00,2026-03-01
ITM-030,WH-002,920,115,0,222.00,204240.00,2026-02-28
ITM-031,WH-001,185,0,1500,4208.00,778480.00,2026-03-04
ITM-031,WH-002,62,0,0,4208.00,260896.00,2026-03-02
ITM-032,WH-001,520,65,0,5815.00,3023800.00,2026-03-01
ITM-032,WH-002,165,20,0,5815.00,959475.00,2026-02-28
ITM-033,WH-001,288,35,0,8420.00,2424960.00,2026-02-25
ITM-033,WH-002,95,12,0,8420.00,799900.00,2026-02-22
ITM-034,WH-001,680,85,0,3612.00,2456160.00,2026-03-01
ITM-034,WH-002,220,28,0,3612.00,794640.00,2026-02-28
ITM-035,WH-001,520,65,0,2912.00,1514240.00,2026-03-01
ITM-035,WH-002,168,21,0,2912.00,489216.00,2026-02-28
ITM-036,WH-001,2200,275,0,652.00,1434400.00,2026-03-03
ITM-036,WH-002,750,95,0,652.00,489000.00,2026-03-01
ITM-037,WH-001,42,0,300,14520.00,609840.00,2026-03-04
ITM-037,WH-002,18,0,0,14520.00,261360.00,2026-03-02
ITM-038,WH-001,850,105,0,1808.00,1536800.00,2026-02-28
ITM-038,WH-002,280,35,0,1808.00,506240.00,2026-02-25
ITM-039,WH-001,1900,240,0,623.00,1183700.00,2026-03-03
ITM-039,WH-002,640,80,0,623.00,398720.00,2026-03-01
ITM-040,WH-001,1200,150,0,1408.00,1689600.00,2026-02-28
ITM-040,WH-002,380,48,0,1408.00,534880.00,2026-02-25
ITM-041,WH-001,980,120,0,2208.00,2163840.00,2026-02-28
ITM-041,WH-002,320,40,0,2208.00,706560.00,2026-02-25
ITM-042,WH-001,3200,400,0,682.00,2182400.00,2026-03-03
ITM-042,WH-002,1050,130,0,682.00,716100.00,2026-03-01
ITM-042,WH-003,420,52,0,682.00,286440.00,2026-02-28
ITM-043,WH-001,2800,350,0,282.00,789600.00,2026-03-01
ITM-043,WH-002,900,112,0,282.00,253800.00,2026-02-28
ITM-044,WH-001,5200,650,0,222.00,1154400.00,2026-03-03
ITM-044,WH-002,1800,225,0,222.00,399600.00,2026-03-01
ITM-044,WH-003,680,85,0,222.00,150960.00,2026-02-28
ITM-045,WH-001,7200,900,0,182.00,1310400.00,2026-03-03
ITM-045,WH-002,2400,300,0,182.00,436800.00,2026-03-01
ITM-045,WH-003,880,110,0,182.00,160160.00,2026-02-28
ITM-046,WH-001,2800,350,0,582.00,1629600.00,2026-03-03
ITM-046,WH-002,920,115,0,582.00,535440.00,2026-03-01
ITM-047,WH-001,420,52,0,1208.00,507360.00,2026-02-25
ITM-047,WH-002,135,17,0,1208.00,163080.00,2026-02-22
ITM-048,WH-001,1200,150,0,682.00,818400.00,2026-02-28
ITM-048,WH-002,380,48,0,682.00,259160.00,2026-02-25
ITM-049,WH-001,1800,225,0,422.00,759600.00,2026-03-01
ITM-049,WH-002,580,72,0,422.00,244760.00,2026-02-28
ITM-050,WH-001,2400,300,0,1408.00,3379200.00,2026-03-03
ITM-050,WH-002,780,98,0,1408.00,1098240.00,2026-03-01
ITM-050,WH-003,310,39,0,1408.00,436480.00,2026-02-28
ITM-051,WH-001,35,0,400,4212.00,147420.00,2026-03-04
ITM-051,WH-002,12,0,0,4212.00,50544.00,2026-03-02
ITM-052,WH-001,3100,385,0,382.00,1184200.00,2026-03-03
ITM-052,WH-002,1020,128,0,382.00,389640.00,2026-03-01
ITM-053,WH-001,1500,188,0,982.00,1473000.00,2026-03-01
ITM-053,WH-002,480,60,0,982.00,471360.00,2026-02-28
ITM-054,WH-001,2600,325,0,482.00,1253200.00,2026-03-03
ITM-054,WH-002,850,105,0,482.00,409700.00,2026-03-01
ITM-055,WH-001,6200,775,0,122.00,756400.00,2026-03-03
ITM-055,WH-002,2100,263,0,122.00,256200.00,2026-03-01
ITM-055,WH-003,820,102,0,122.00,100040.00,2026-02-28
ITM-056,WH-001,2800,350,0,282.00,789600.00,2026-03-01
ITM-056,WH-002,900,112,0,282.00,253800.00,2026-02-28
ITM-057,WH-001,1800,225,0,852.00,1533600.00,2026-03-01
ITM-057,WH-002,580,72,0,852.00,494160.00,2026-02-28
ITM-058,WH-001,3200,400,0,322.00,1030400.00,2026-03-03
ITM-058,WH-002,1050,130,0,322.00,338100.00,2026-03-01
ITM-059,WH-001,580,72,0,1812.00,1050960.00,2026-02-25
ITM-059,WH-002,185,23,0,1812.00,335220.00,2026-02-22
ITM-060,WH-001,1100,138,0,682.00,750200.00,2026-02-28
ITM-060,WH-002,350,44,0,682.00,238700.00,2026-02-25
ITM-061,WH-001,220,28,0,12520.00,2754400.00,2026-02-20
ITM-061,WH-002,85,10,0,12520.00,1064200.00,2026-02-18
ITM-062,WH-001,65,8,0,45200.00,2938000.00,2026-02-20
ITM-062,WH-002,24,3,0,45200.00,1084800.00,2026-02-18
ITM-063,WH-001,680,85,0,2812.00,1912160.00,2026-02-28
ITM-063,WH-002,220,28,0,2812.00,618640.00,2026-02-25
ITM-064,WH-001,520,65,0,3812.00,1982240.00,2026-02-25
ITM-064,WH-002,165,20,0,3812.00,628980.00,2026-02-22
ITM-065,WH-001,85,10,0,28100.00,2388500.00,2026-02-20
ITM-065,WH-002,28,3,0,28100.00,786800.00,2026-02-18
ITM-066,WH-001,380,48,0,4512.00,1714560.00,2026-02-28
ITM-066,WH-002,120,15,0,4512.00,541440.00,2026-02-25
ITM-067,WH-001,88,11,0,8515.00,749320.00,2026-02-18
ITM-067,WH-002,28,3,0,8515.00,238420.00,2026-02-15
ITM-068,WH-001,1850,230,0,1808.00,3344800.00,2026-03-03
ITM-068,WH-002,620,78,0,1808.00,1120960.00,2026-03-01
ITM-068,WH-003,240,30,0,1808.00,433920.00,2026-02-28
ITM-069,WH-001,1200,150,0,1208.00,1449600.00,2026-03-01
ITM-069,WH-002,380,48,0,1208.00,459040.00,2026-02-28
ITM-070,WH-001,2200,275,0,2812.00,6186400.00,2026-03-03
ITM-070,WH-002,720,90,0,2812.00,2024640.00,2026-03-01
ITM-070,WH-003,280,35,0,2812.00,787360.00,2026-02-28
ITM-071,WH-001,3200,400,0,1508.00,4825600.00,2026-03-03
ITM-071,WH-002,1050,130,0,1508.00,1583400.00,2026-03-01
ITM-072,WH-001,620,78,0,1608.00,997200.00,2026-02-25
ITM-072,WH-002,195,24,0,1608.00,313560.00,2026-02-22
ITM-073,WH-001,880,110,0,1208.00,1063040.00,2026-02-28
ITM-073,WH-002,280,35,0,1208.00,338240.00,2026-02-25
ITM-074,WH-001,1200,150,0,2412.00,2894400.00,2026-02-28
ITM-074,WH-002,380,48,0,2412.00,916560.00,2026-02-25
ITM-075,WH-001,820,102,0,3212.00,2633840.00,2026-02-25
ITM-075,WH-002,260,32,0,3212.00,835120.00,2026-02-22
ITM-076,WH-001,1800,225,0,682.00,1227600.00,2026-03-03
ITM-076,WH-002,580,72,0,682.00,395560.00,2026-03-01
ITM-076,WH-003,220,28,0,682.00,150040.00,2026-02-28
ITM-077,WH-001,3800,475,0,482.00,1831600.00,2026-03-03
ITM-077,WH-002,1250,156,0,482.00,602500.00,2026-03-01
ITM-077,WH-003,480,60,0,482.00,231360.00,2026-02-28
ITM-078,WH-001,3600,450,0,522.00,1879200.00,2026-03-01
ITM-078,WH-002,1180,148,0,522.00,615960.00,2026-02-28
ITM-079,WH-001,3400,425,0,452.00,1536800.00,2026-03-03
ITM-079,WH-002,1100,138,0,452.00,497200.00,2026-03-01
ITM-079,WH-003,440,55,0,452.00,198880.00,2026-02-28
ITM-080,WH-001,1600,200,0,582.00,931200.00,2026-03-03
ITM-080,WH-002,520,65,0,582.00,302640.00,2026-03-01
