Vendor ID,Vendor Name,Invoice/CM #,Apply to Invoice Number,Credit Memo,Date,Drop Ship,Customer SO #,Waiting on Bill,Customer ID,Customer Invoice #,Ship to Name,Ship to Address-Line One,Ship to Address-Line Two,Ship to City,Ship to State,Ship to Zipcode,Ship to Country,Date Due,Discount Date,Discount Amount,Accounts Payable Account,Accounts Payable Amount,Ship Via,P.O. Note,Note Prints After Line Items,Beginning Balance Transaction,AP Date Cleared in Bank Rec,Applied To Purchase Order,Number of Distributions,Invoice/CM Distribution,Apply to Invoice Distribution,PO Number,PO Distribution,Quantity,Stocking Quantity,Item ID,Serial Number,U/M ID,U/M No. of Stocking Units,Description,G/L Account,GL Date Cleared in Bank Rec,Unit Price,Stocking Unit Price,UPC / SKU,Weight,Amount,Job ID,Used for Reimbursable Expense,Transaction Period,Transaction Number,Displayed Terms,Return Authorization,Row Type,Recur Number,Recur Frequency
Placeware Enterprise,Placeware Enterprise,00060,,FALSE,6/1/26,FALSE,,FALSE,,,PLACEWARE NIGERIA LIMITED,"72, AINA STREET",OJODU,LAGOS,,,NIGERIA,7/1/26,6/1/26,0.00,20000,-24500000.00,Airborne,,FALSE,FALSE,,FALSE,1,1,0,,0,1000.00,1000.00,MENACTRA (R),,<Each>,1.00,MENACTRA,12305,,24500.00,24500.00,"07/25,.",0.00,24500000.00,,FALSE,34,1,Net 30 Days,,0,0,0
Famatex Pharmacy Ltd,Famatex Pharmacy  Ltd,004817,,FALSE,6/3/26,FALSE,,FALSE,,,PLACEWARE NIGERIA LIMITED,"72, AINA STREET",OJODU,LAGOS,,,NIGERIA,7/3/26,6/3/26,0.00,20000,-648000.00,Airborne,,FALSE,FALSE,,FALSE,1,1,0,,0,100.00,100.00,Nucard 160mg (I) Tab,,<Each>,1.00,Nucard 160mg,12355,,6480.00,6480.00,09/25..,0.00,648000.00,,FALSE,34,2,Net 30 Days,,0,0,0
World Wide (GSK),World Wide (GSk),1020126012542,,FALSE,6/3/26,FALSE,,FALSE,,,PLACEWARE NIGERIA LIMITED,"72, AINA STREET",OJODU,LAGOS,,,NIGERIA,7/3/26,6/3/26,0.00,20000,-3681850.00,Hand Deliver,,FALSE,FALSE,,FALSE,2,1,0,,0,50.00,50.00,CERVARIX 0.5ml(H),,<Each>,1.00,CERVARIX 0.5ml,12150,,48430.00,48430.00,02/2024.....,0.00,2421500.00,,FALSE,34,3,Net 30 Days,,0,0,0
World Wide (GSK),World Wide (GSk),1020126012542,,FALSE,6/3/26,FALSE,,FALSE,,,PLACEWARE NIGERIA LIMITED,"72, AINA STREET",OJODU,LAGOS,,,NIGERIA,7/3/26,6/3/26,0.00,20000,-3681850.00,Hand Deliver,,FALSE,FALSE,,FALSE,2,2,0,,0,50.00,50.00,ROTARIX(M),,<Each>,1.00,ROTARIX,12308,,25207.00,25207.00,02/24.',0.00,1260350.00,,FALSE,34,3,Net 30 Days,,0,0,0
Assene-Laborex Ltd,Assene-Laborex Ltd,00-328604-00,,FALSE,6/11/26,FALSE,,FALSE,,,PLACEWARE NIGERIA LIMITED,"72, AINA STREET",OJODU,LAGOS,,,NIGERIA,7/11/26,6/11/26,0.00,20000,-531520.00,Airborne,,FALSE,FALSE,,FALSE,1,1,0,,0,32.00,32.00,CLEXANE 40mg(Z)iv,,<Each>,1.00,CLEXANE 40mg,12338,,16610.00,16610.00,"01/26..,",0.00,531520.00,,FALSE,34,6,Net 30 Days,,0,0,0
Assene-Laborex Ltd,Assene-Laborex Ltd,00-328605-00,,FALSE,6/11/26,FALSE,,FALSE,,,PLACEWARE NIGERIA LIMITED,"72, AINA STREET",OJODU,LAGOS,,,NIGERIA,7/11/26,6/11/26,0.00,20000,-49360.00,Airborne,,FALSE,FALSE,,FALSE,1,1,0,,0,8.00,8.00,Nucard 160mg (I) Tab,,<Each>,1.00,Nucard 160mg,12355,,6170.00,6170.00,09/25..,0.00,49360.00,,FALSE,34,5,Net 30 Days,,0,0,0
Assene-Laborex Ltd,Assene-Laborex Ltd,00-328606-00,,FALSE,6/11/26,FALSE,,FALSE,,,PLACEWARE NIGERIA LIMITED,"72, AINA STREET",OJODU,LAGOS,,,NIGERIA,7/11/26,6/11/26,0.00,20000,-2790480.00,Airborne,,FALSE,FALSE,,FALSE,1,1,0,,0,168.00,168.00,CLEXANE 40mg(Z)iv,,<Each>,1.00,CLEXANE 40mg,12338,,16610.00,16610.00,"01/26..,",0.00,2790480.00,,FALSE,34,4,Net 30 Days,,0,0,0
Assene-Laborex Ltd,Assene-Laborex Ltd,00-328982-00,,FALSE,6/16/26,FALSE,,FALSE,,,PLACEWARE NIGERIA LIMITED,"72, AINA STREET",OJODU,LAGOS,,,NIGERIA,7/16/26,6/16/26,0.00,20000,-2367000.00,Hand Delivery,,FALSE,FALSE,,FALSE,1,1,0,,0,50.00,50.00,Tavanic Infusion (N),,<Each>,1.00,Tavanic Infusion (N),12353,,47340.00,47340.00,"06/25  ,..",0.00,2367000.00,,FALSE,34,7,Net 30 Days,,0,0,0
World wide (Novo),World Wide Commercial Ventures Ltd,WLGRIN26009416,,FALSE,6/17/26,FALSE,,FALSE,,,PLACEWARE NIGERIA LIMITED,"72, AINA STREET",OJODU,LAGOS,,,NIGERIA,6/30/26,6/17/26,0.00,20000,-2752110.00,Airborne,,FALSE,FALSE,,FALSE,2,1,0,,0,200.00,200.00,ACTRAPID 100 I.U (U),,<Each>,1.00,ACTRAPID 100 I.U,12316,,12442.00,12442.00,09/ 25.,0.00,2488400.00,,FALSE,34,8,Due at end of Month,,0,0,0
World wide (Novo),World Wide Commercial Ventures Ltd,WLGRIN26009416,,FALSE,6/17/26,FALSE,,FALSE,,,PLACEWARE NIGERIA LIMITED,"72, AINA STREET",OJODU,LAGOS,,,NIGERIA,6/30/26,6/17/26,0.00,20000,-2752110.00,Airborne,,FALSE,FALSE,,FALSE,2,2,0,,0,5.00,5.00,NOVORAPID FLEXPEN (N,,<Each>,1.00,NOVORAPID FLEXPEN 3ML,12323,,52742.00,52742.00,04/25,0.00,263710.00,,FALSE,34,8,Due at end of Month,,0,0,0
World Wide (GSK),World Wide (GSk),26009698,,FALSE,6/22/26,FALSE,,FALSE,,,PLACEWARE NIGERIA LIMITED,"72, AINA STREET",OJODU,LAGOS,,,NIGERIA,7/22/26,6/22/26,0.00,20000,-3681850.00,Hand Delivery,,FALSE,FALSE,,FALSE,2,1,0,,0,50.00,50.00,CERVARIX 0.5ml(H),,<Each>,1.00,CERVARIX 0.5ml,12150,,48430.00,48430.00,02/2024.....,0.00,2421500.00,,FALSE,34,10,Net 30 Days,,0,0,0
World Wide (GSK),World Wide (GSk),26009698,,FALSE,6/22/26,FALSE,,FALSE,,,PLACEWARE NIGERIA LIMITED,"72, AINA STREET",OJODU,LAGOS,,,NIGERIA,7/22/26,6/22/26,0.00,20000,-3681850.00,Hand Delivery,,FALSE,FALSE,,FALSE,2,2,0,,0,50.00,50.00,ROTARIX(M),,<Each>,1.00,ROTARIX,12308,,25207.00,25207.00,02/24.',0.00,1260350.00,,FALSE,34,10,Net 30 Days,,0,0,0
Phillips Pharma. Nig,Phillips Pharma. Nig. Ltd,1010049943,,FALSE,6/23/26,FALSE,,FALSE,,,PLACEWARE NIGERIA LIMITED,"72, AINA STREET",OJODU,LAGOS,,,NIGERIA,6/30/26,6/23/26,0.00,20000,-2125000.00,Hand Delivery,,FALSE,FALSE,,FALSE,1,1,0,,0,500.00,500.00,REVAC B (D),,<Each>,1.00,REVAC B,12000,,4250.00,4250.00,08/25.,0.00,2125000.00,,FALSE,34,9,Due at end of Month,,0,0,0
