Deposit Ticket ID,Customer ID,Customer Name,Reference,Date,Payment Method,Cash Account,Cash Amount,Sales Representative ID,Sales Tax ID,Total Paid on Invoice(s),Discount Account,Prepayment,Vendor Receipt,AR Date Cleared in Bank Rec,Number of Distributions,Invoice Paid,Discount Amount,Disc Date Cleared In Bank Rec,Quantity,Stocking Quantity,Item ID,Serial Number,U/M ID,U/M No. of Stocking Units,Description,G/L Account,GL Date Cleared in Bank Rec,Unit Price,Stocking Unit Price,Tax Type,UPC / SKU,Weight,Amount,Inventory Account,Inv Acnt Date Cleared In Bank Rec,Cost of Sales Account,COS Acnt Date Cleared In Bank Rec,Cost of Sales Amount,Job ID,Sales Tax Agency ID,Transaction Period,Transaction Number,Receipt Number,Card/Check Holder's Name,Card/Check Address Line 1,Card/Check Address Line 2,Card/Check City,Card/Check State,Card/Check Zip Code,Card/Check Country,Credit Card Stored Reference,Merchant ID,Last Known CC Number,Last Known CC Expiration Date,Card/Check Auth. Code,Card/Check Authorized Status,Credit Card Comment,Authorized Amount
,County Hospital,County Hospital,TRANSFER,6/1/26,Check,10290,281590.00,,,-281590.00,,FALSE,FALSE,,1,52083,0.00,,0.00,0.00,,,,0.00,,11000,,0.00,0.00,0,,0.00,-281590.00,,,,,0.00,,,34,1,56322,,,,,,,,{00000000-0000-0000-0000-000000000000},,,,,0,,0.00
,Sundry,Sundry,TRANSFER,6/1/26,Check,10290,81980.00,,,-81980.00,,FALSE,FALSE,,1,52111,0.00,,0.00,0.00,,,,0.00,,11000,,0.00,0.00,0,,0.00,-81980.00,,,,,0.00,,,34,8,56329,,,,,,,,{00000000-0000-0000-0000-000000000000},,,,,0,,0.00
,Sundry,Sundry,TRANSFER,6/1/26,Check,10290,13800.00,,,-13800.00,,FALSE,FALSE,,1,52091,0.00,,0.00,0.00,,,,0.00,,11000,,0.00,0.00,0,,0.00,-13800.00,,,,,0.00,,,34,9,56330,,,,,,,,{00000000-0000-0000-0000-000000000000},,,,,0,,0.00
,Sundry,Sundry,TRANSFER,6/1/26,Check,10290,13800.00,,,-13800.00,,FALSE,FALSE,,1,52089,0.00,,0.00,0.00,,,,0.00,,11000,,0.00,0.00,0,,0.00,-13800.00,,,,,0.00,,,34,10,56331,,,,,,,,{00000000-0000-0000-0000-000000000000},,,,,0,,0.00
,Sundry,Sundry,TRANSFER,6/1/26,Check,10290,41061.00,,,-41061.00,,FALSE,FALSE,,1,52094,0.00,,0.00,0.00,,,,0.00,,11000,,0.00,0.00,0,,0.00,-41061.00,,,,,0.00,,,34,16,56360,,,,,,,,{00000000-0000-0000-0000-000000000000},,,,,0,,0.00
,Mobonike Hospital,Mobonike Hospital,TRANSFER,6/1/26,Check,10290,17850.00,,,-17850.00,,FALSE,FALSE,,1,52060,0.00,,0.00,0.00,,,,0.00,,11000,,0.00,0.00,0,,0.00,-17850.00,,,,,0.00,,,34,17,56363,,,,,,,,{00000000-0000-0000-0000-000000000000},,,,,0,,0.00
,Golden Cross Hospita,Golden Cross Hospital,TRANSFER,6/1/26,Check,10290,400565.00,,,-400565.00,,FALSE,FALSE,,2,51994,0.00,,0.00,0.00,,,,0.00,,11000,,0.00,0.00,0,,0.00,-262565.00,,,,,0.00,,,34,19,56365,,,,,,,,{00000000-0000-0000-0000-000000000000},,,,,0,,0.00
,Golden Cross Hospita,Golden Cross Hospital,TRANSFER,6/1/26,Check,10290,400565.00,,,-400565.00,,FALSE,FALSE,,2,52050,0.00,,0.00,0.00,,,,0.00,,11000,,0.00,0.00,0,,0.00,-138000.00,,,,,0.00,,,34,19,56365,,,,,,,,{00000000-0000-0000-0000-000000000000},,,,,0,,0.00
,ANNOX NIG. LTD,ANNOX NIG.LTD,TRANSFER,6/1/26,Check,10290,4000000.00,,,-4000000.00,,FALSE,FALSE,,1,51804,0.00,,0.00,0.00,,,,0.00,,11000,,0.00,0.00,0,,0.00,-4000000.00,,,,,0.00,,,34,20,56366,,,,,,,,{00000000-0000-0000-0000-000000000000},,,,,0,,0.00
,Reddington Hospital,Reddington Hospital,TRANSFER,6/1/26,Check,10290,702404.37,,,-702404.37,,FALSE,FALSE,,1,51747,0.00,,0.00,0.00,,,,0.00,,11000,,0.00,0.00,0,,0.00,-702404.37,,,,,0.00,,,34,21,56367,,,,,,,,{00000000-0000-0000-0000-000000000000},,,,,0,,0.00
,Reddington Hospital,Reddington Hospital,WHT TAX,6/1/26,Check,78200,14334.79,,,-14334.79,,FALSE,FALSE,,1,51747,0.00,,0.00,0.00,,,,0.00,,11000,,0.00,0.00,0,,0.00,-14334.79,,,,,0.00,,,34,22,56367,,,,,,,,{00000000-0000-0000-0000-000000000000},,,,,0,,0.00
,Sundry,Sundry,TRANSFER,6/1/26,Check,10290,55600.00,,,-55600.00,,FALSE,FALSE,,1,52038,0.00,,0.00,0.00,,,,0.00,,11000,,0.00,0.00,0,,0.00,-55600.00,,,,,0.00,,,34,23,56368,,,,,,,,{00000000-0000-0000-0000-000000000000},,,,,0,,0.00
,O'kit Pharmaceutical,O'kit Pharmaceuticals Enterpri,TRANSFER,6/1/26,Check,10290,319099.00,,,-319099.00,,FALSE,FALSE,,1,52002,0.00,,0.00,0.00,,,,0.00,,11000,,0.00,0.00,0,,0.00,-319099.00,,,,,0.00,,,34,24,56369,,,,,,,,{00000000-0000-0000-0000-000000000000},,,,,0,,0.00
,KAAF Unilag,KAAF Unilag,TRANSFER,6/1/26,Check,10290,1370772.18,,,-1370772.18,,FALSE,FALSE,,4,51539,0.00,,0.00,0.00,,,,0.00,,11000,,0.00,0.00,0,,0.00,-231096.18,,,,,0.00,,,34,25,56370,,,,,,,,{00000000-0000-0000-0000-000000000000},,,,,0,,0.00
,KAAF Unilag,KAAF Unilag,TRANSFER,6/1/26,Check,10290,1370772.18,,,-1370772.18,,FALSE,FALSE,,4,51640,0.00,,0.00,0.00,,,,0.00,,11000,,0.00,0.00,0,,0.00,-202478.00,,,,,0.00,,,34,25,56370,,,,,,,,{00000000-0000-0000-0000-000000000000},,,,,0,,0.00
,KAAF Unilag,KAAF Unilag,TRANSFER,6/1/26,Check,10290,1370772.18,,,-1370772.18,,FALSE,FALSE,,4,51689,0.00,,0.00,0.00,,,,0.00,,11000,,0.00,0.00,0,,0.00,-89700.00,,,,,0.00,,,34,25,56370,,,,,,,,{00000000-0000-0000-0000-000000000000},,,,,0,,0.00
,KAAF Unilag,KAAF Unilag,TRANSFER,6/1/26,Check,10290,1370772.18,,,-1370772.18,,FALSE,FALSE,,4,51763,0.00,,0.00,0.00,,,,0.00,,11000,,0.00,0.00,0,,0.00,-847498.00,,,,,0.00,,,34,25,56370,,,,,,,,{00000000-0000-0000-0000-000000000000},,,,,0,,0.00
,Sundry,Sundry,TRANSFER,6/1/26,Check,10290,124000.00,,,-124000.00,,FALSE,FALSE,,1,52098,0.00,,0.00,0.00,,,,0.00,,11000,,0.00,0.00,0,,0.00,-124000.00,,,,,0.00,,,34,38,56385,,,,,,,,{00000000-0000-0000-0000-000000000000},,,,,0,,0.00
,Renew Pharmacy,Renew Pharmacy,TRANSFER,6/1/26,Check,10290,106953.00,,,-106953.00,,FALSE,FALSE,,1,52104,0.00,,0.00,0.00,,,,0.00,,11000,,0.00,0.00,0,,0.00,-106953.00,,,,,0.00,,,34,51,56398,,,,,,,,{00000000-0000-0000-0000-000000000000},,,,,0,,0.00
,OSKAJAY NIG LTD 2,OSKAJAY NIG LTD 2,TRANSFER,6/1/26,Check,10290,130000.00,,,-130000.00,,FALSE,FALSE,,2,51560,0.00,,0.00,0.00,,,,0.00,,11000,,0.00,0.00,0,,0.00,-40866.00,,,,,0.00,,,34,56,56406,,,,,,,,{00000000-0000-0000-0000-000000000000},,,,,0,,0.00
,OSKAJAY NIG LTD 2,OSKAJAY NIG LTD 2,TRANSFER,6/1/26,Check,10290,130000.00,,,-130000.00,,FALSE,FALSE,,2,51968,0.00,,0.00,0.00,,,,0.00,,11000,,0.00,0.00,0,,0.00,-89134.00,,,,,0.00,,,34,56,56406,,,,,,,,{00000000-0000-0000-0000-000000000000},,,,,0,,0.00
,DrugStoc Pharmacy,DrugStoc Pharmacy,CHEQUE,6/2/26,Check,10290,149100.00,,,-149100.00,,FALSE,FALSE,,1,51336,0.00,,0.00,0.00,,,,0.00,,11000,,0.00,0.00,0,,0.00,-149100.00,,,,,0.00,,,34,2,56323,,,,,,,,{00000000-0000-0000-0000-000000000000},,,,,0,,0.00
,B.J Pharmacy,B.J Pharmacy,CASH,6/2/26,Cash,10100,200000.00,,,-200000.00,,FALSE,FALSE,,2,51779,0.00,,0.00,0.00,,,,0.00,,11000,,0.00,0.00,0,,0.00,-120958.82,,,,,0.00,,,34,3,56324,,,,,,,,{00000000-0000-0000-0000-000000000000},,,,,0,,0.00
,B.J Pharmacy,B.J Pharmacy,CASH,6/2/26,Cash,10100,200000.00,,,-200000.00,,FALSE,FALSE,,2,51850,0.00,,0.00,0.00,,,,0.00,,11000,,0.00,0.00,0,,0.00,-79041.18,,,,,0.00,,,34,3,56324,,,,,,,,{00000000-0000-0000-0000-000000000000},,,,,0,,0.00
,Blue Gate Pharmacy,Blue Gate Pharmacy,CASH,6/2/26,Cash,10100,200000.00,,,-200000.00,,FALSE,FALSE,,2,51625,0.00,,0.00,0.00,,,,0.00,,11000,,0.00,0.00,0,,0.00,-153485.83,,,,,0.00,,,34,4,56325,,,,,,,,{00000000-0000-0000-0000-000000000000},,,,,0,,0.00
,Blue Gate Pharmacy,Blue Gate Pharmacy,CASH,6/2/26,Cash,10100,200000.00,,,-200000.00,,FALSE,FALSE,,2,51690,0.00,,0.00,0.00,,,,0.00,,11000,,0.00,0.00,0,,0.00,-46514.17,,,,,0.00,,,34,4,56325,,,,,,,,{00000000-0000-0000-0000-000000000000},,,,,0,,0.00
,Turmeric Pharmacy,Turmeric Pharmacy,CASH,6/2/26,Cash,10100,200000.00,,,-200000.00,,FALSE,FALSE,,1,51961,0.00,,0.00,0.00,,,,0.00,,11000,,0.00,0.00,0,,0.00,-200000.00,,,,,0.00,,,34,5,56326,,,,,,,,{00000000-0000-0000-0000-000000000000},,,,,0,,0.00
,Pill Box,Pill Box px.,CASH,6/2/26,Cash,10100,200000.00,,,-200000.00,,FALSE,FALSE,,5,51728,0.00,,0.00,0.00,,,,0.00,,11000,,0.00,0.00,0,,0.00,60182.54,,,,,0.00,,,34,6,56327,,,,,,,,{00000000-0000-0000-0000-000000000000},,,,,0,,0.00
,Pill Box,Pill Box px.,CASH,6/2/26,Cash,10100,200000.00,,,-200000.00,,FALSE,FALSE,,5,51780,0.00,,0.00,0.00,,,,0.00,,11000,,0.00,0.00,0,,0.00,-73180.00,,,,,0.00,,,34,6,56327,,,,,,,,{00000000-0000-0000-0000-000000000000},,,,,0,,0.00
,Pill Box,Pill Box px.,CASH,6/2/26,Cash,10100,200000.00,,,-200000.00,,FALSE,FALSE,,5,51815,0.00,,0.00,0.00,,,,0.00,,11000,,0.00,0.00,0,,0.00,-138185.00,,,,,0.00,,,34,6,56327,,,,,,,,{00000000-0000-0000-0000-000000000000},,,,,0,,0.00
,Pill Box,Pill Box px.,CASH,6/2/26,Cash,10100,200000.00,,,-200000.00,,FALSE,FALSE,,5,51878,0.00,,0.00,0.00,,,,0.00,,11000,,0.00,0.00,0,,0.00,-7477.54,,,,,0.00,,,34,6,56327,,,,,,,,{00000000-0000-0000-0000-000000000000},,,,,0,,0.00
,Pill Box,Pill Box px.,CASH,6/2/26,Cash,10100,200000.00,,,-200000.00,,FALSE,FALSE,,5,52056,0.00,,0.00,0.00,,,,0.00,,11000,,0.00,0.00,0,,0.00,-41340.00,,,,,0.00,,,34,6,56327,,,,,,,,{00000000-0000-0000-0000-000000000000},,,,,0,,0.00
,Navy Hospital,Navy Hospital,CASH,6/2/26,Cash,10100,50000.00,,,-50000.00,,FALSE,FALSE,,1,51912,0.00,,0.00,0.00,,,,0.00,,11000,,0.00,0.00,0,,0.00,-50000.00,,,,,0.00,,,34,7,56328,,,,,,,,{00000000-0000-0000-0000-000000000000},,,,,0,,0.00
,Mother & Child,Mother & Child  Hospital,TRANSFER,6/2/26,Check,10290,957960.00,,,-957960.00,,FALSE,FALSE,,1,51975,0.00,,0.00,0.00,,,,0.00,,11000,,0.00,0.00,0,,0.00,-957960.00,,,,,0.00,,,34,26,56371,,,,,,,,{00000000-0000-0000-0000-000000000000},,,,,0,,0.00
,Mother & Child,Mother & Child  Hospital,TRANSFER,6/2/26,Check,10290,521530.00,,,-521530.00,,FALSE,FALSE,,1,51879,0.00,,0.00,0.00,,,,0.00,,11000,,0.00,0.00,0,,0.00,-521530.00,,,,,0.00,,,34,27,56372,,,,,,,,{00000000-0000-0000-0000-000000000000},,,,,0,,0.00
,Mother & Child,Mother & Child  Hospital,TRANSFER,6/2/26,Check,10290,133590.00,,,-133590.00,,FALSE,FALSE,,1,51960,0.00,,0.00,0.00,,,,0.00,,11000,,0.00,0.00,0,,0.00,-133590.00,,,,,0.00,,,34,28,56373,,,,,,,,{00000000-0000-0000-0000-000000000000},,,,,0,,0.00
,CARE POINT HOSPITAL,CARE POINT HOSPITAL,TRANSFER,6/2/26,Check,10290,93563.00,,,-93563.00,,FALSE,FALSE,,2,52005,0.00,,0.00,0.00,,,,0.00,,11000,,0.00,0.00,0,,0.00,-58720.00,,,,,0.00,,,34,29,56374,,,,,,,,{00000000-0000-0000-0000-000000000000},,,,,0,,0.00
,CARE POINT HOSPITAL,CARE POINT HOSPITAL,TRANSFER,6/2/26,Check,10290,93563.00,,,-93563.00,,FALSE,FALSE,,2,52049,0.00,,0.00,0.00,,,,0.00,,11000,,0.00,0.00,0,,0.00,-34843.00,,,,,0.00,,,34,29,56374,,,,,,,,{00000000-0000-0000-0000-000000000000},,,,,0,,0.00
,Vaccination Centre,Vaccination Centre,CHEQUE,6/3/26,Check,10290,365420.00,,,-365420.00,,FALSE,FALSE,,1,52036,0.00,,0.00,0.00,,,,0.00,,11000,,0.00,0.00,0,,0.00,-365420.00,,,,,0.00,,,34,11,56332,,,,,,,,{00000000-0000-0000-0000-000000000000},,,,,0,,0.00
,Subol Hospital,Subol Hospital,CHEQUE,6/3/26,Check,10290,4368178.00,,,-4368178.00,,FALSE,FALSE,,4,51581,0.00,,0.00,0.00,,,,0.00,,11000,,0.00,0.00,0,,0.00,-837840.00,,,,,0.00,,,34,12,56333,,,,,,,,{00000000-0000-0000-0000-000000000000},,,,,0,,0.00
,Subol Hospital,Subol Hospital,CHEQUE,6/3/26,Check,10290,4368178.00,,,-4368178.00,,FALSE,FALSE,,4,51620,0.00,,0.00,0.00,,,,0.00,,11000,,0.00,0.00,0,,0.00,-598000.00,,,,,0.00,,,34,12,56333,,,,,,,,{00000000-0000-0000-0000-000000000000},,,,,0,,0.00
,Subol Hospital,Subol Hospital,CHEQUE,6/3/26,Check,10290,4368178.00,,,-4368178.00,,FALSE,FALSE,,4,51708,0.00,,0.00,0.00,,,,0.00,,11000,,0.00,0.00,0,,0.00,-1160305.00,,,,,0.00,,,34,12,56333,,,,,,,,{00000000-0000-0000-0000-000000000000},,,,,0,,0.00
,Subol Hospital,Subol Hospital,CHEQUE,6/3/26,Check,10290,4368178.00,,,-4368178.00,,FALSE,FALSE,,4,51760,0.00,,0.00,0.00,,,,0.00,,11000,,0.00,0.00,0,,0.00,-1772033.00,,,,,0.00,,,34,12,56333,,,,,,,,{00000000-0000-0000-0000-000000000000},,,,,0,,0.00
,Sundry,Sundry,TRANSFER,6/3/26,Check,10290,34625.00,,,-34625.00,,FALSE,FALSE,,1,52123,0.00,,0.00,0.00,,,,0.00,,11000,,0.00,0.00,0,,0.00,-34625.00,,,,,0.00,,,34,13,56334,,,,,,,,{00000000-0000-0000-0000-000000000000},,,,,0,,0.00
,Broadland Hospital,Broadland Hospital,TRANSFER,6/3/26,Check,10290,47825.00,,,-47825.00,,FALSE,FALSE,,1,52124,0.00,,0.00,0.00,,,,0.00,,11000,,0.00,0.00,0,,0.00,-47825.00,,,,,0.00,,,34,14,56335,,,,,,,,{00000000-0000-0000-0000-000000000000},,,,,0,,0.00
,Mercy Stripes Hosp,Mercy Stripes Spec. Hospital,TRANSFER,6/3/26,Check,10290,386178.00,,,-386178.00,,FALSE,FALSE,,2,51822,0.00,,0.00,0.00,,,,0.00,,11000,,0.00,0.00,0,,0.00,-275778.00,,,,,0.00,,,34,30,56375,,,,,,,,{00000000-0000-0000-0000-000000000000},,,,,0,,0.00
,Mercy Stripes Hosp,Mercy Stripes Spec. Hospital,TRANSFER,6/3/26,Check,10290,386178.00,,,-386178.00,,FALSE,FALSE,,2,52106,0.00,,0.00,0.00,,,,0.00,,11000,,0.00,0.00,0,,0.00,-110400.00,,,,,0.00,,,34,30,56375,,,,,,,,{00000000-0000-0000-0000-000000000000},,,,,0,,0.00
,Sundry,Sundry,TRANSFER,6/3/26,Check,10290,17850.00,,,-17850.00,,FALSE,FALSE,,1,52122,0.00,,0.00,0.00,,,,0.00,,11000,,0.00,0.00,0,,0.00,-17850.00,,,,,0.00,,,34,31,56376,,,,,,,,{00000000-0000-0000-0000-000000000000},,,,,0,,0.00
,Milennium Pharmacy,Milennium Pharmacy,TRANSFER,6/3/26,Check,10290,438900.00,,,-438900.00,,FALSE,FALSE,,4,51965,0.00,,0.00,0.00,,,,0.00,,11000,,0.00,0.00,0,,0.00,-36.00,,,,,0.00,,,34,32,56377,,,,,,,,{00000000-0000-0000-0000-000000000000},,,,,0,,0.00
,Milennium Pharmacy,Milennium Pharmacy,TRANSFER,6/3/26,Check,10290,438900.00,,,-438900.00,,FALSE,FALSE,,4,51979,0.00,,0.00,0.00,,,,0.00,,11000,,0.00,0.00,0,,0.00,-26400.00,,,,,0.00,,,34,32,56377,,,,,,,,{00000000-0000-0000-0000-000000000000},,,,,0,,0.00
,Milennium Pharmacy,Milennium Pharmacy,TRANSFER,6/3/26,Check,10290,438900.00,,,-438900.00,,FALSE,FALSE,,4,52020,0.00,,0.00,0.00,,,,0.00,,11000,,0.00,0.00,0,,0.00,-176389.00,,,,,0.00,,,34,32,56377,,,,,,,,{00000000-0000-0000-0000-000000000000},,,,,0,,0.00
,Milennium Pharmacy,Milennium Pharmacy,TRANSFER,6/3/26,Check,10290,438900.00,,,-438900.00,,FALSE,FALSE,,4,52043,0.00,,0.00,0.00,,,,0.00,,11000,,0.00,0.00,0,,0.00,-236075.00,,,,,0.00,,,34,32,56377,,,,,,,,{00000000-0000-0000-0000-000000000000},,,,,0,,0.00
,Mother & Child,Mother & Child  Hospital,TRANSFER,6/3/26,Check,10290,425804.00,,,-425804.00,,FALSE,FALSE,,1,51977,0.00,,0.00,0.00,,,,0.00,,11000,,0.00,0.00,0,,0.00,-425804.00,,,,,0.00,,,34,33,56378,,,,,,,,{00000000-0000-0000-0000-000000000000},,,,,0,,0.00
,Sundry,Sundry,TRANSFER,6/3/26,Check,10290,19500.00,,,-19500.00,,FALSE,FALSE,,1,52125,0.00,,0.00,0.00,,,,0.00,,11000,,0.00,0.00,0,,0.00,-19500.00,,,,,0.00,,,34,34,56380,,,,,,,,{00000000-0000-0000-0000-000000000000},,,,,0,,0.00
,KAAF Unilag,KAAF Unilag,TRANSFER,6/3/26,Check,10290,218500.00,,,-218500.00,,FALSE,FALSE,,1,51834,0.00,,0.00,0.00,,,,0.00,,11000,,0.00,0.00,0,,0.00,-218500.00,,,,,0.00,,,34,35,56381,,,,,,,,{00000000-0000-0000-0000-000000000000},,,,,0,,0.00
,Dr Dauda Adekunle,Dr Dauda Adekunle,TRANSFER,6/4/26,Check,10290,30870.00,,,-30870.00,,FALSE,FALSE,,1,52139,0.00,,0.00,0.00,,,,0.00,,11000,,0.00,0.00,0,,0.00,-30870.00,,,,,0.00,,,34,15,56347,,,,,,,,{00000000-0000-0000-0000-000000000000},,,,,0,,0.00
,Alalade Memorial  Hx,Alalade Memorial Hospital,TRANSFER,6/4/26,Check,10290,55690.00,,,-55690.00,,FALSE,FALSE,,1,52097,0.00,,0.00,0.00,,,,0.00,,11000,,0.00,0.00,0,,0.00,-55690.00,,,,,0.00,,,34,36,56382,,,,,,,,{00000000-0000-0000-0000-000000000000},,,,,0,,0.00
,Sundry,Sundry,TRANSFER,6/4/26,Check,10290,37230.00,,,-37230.00,,FALSE,FALSE,,1,52144,0.00,,0.00,0.00,,,,0.00,,11000,,0.00,0.00,0,,0.00,-37230.00,,,,,0.00,,,34,37,56384,,,,,,,,{00000000-0000-0000-0000-000000000000},,,,,0,,0.00
,Osuntuyi Hospital,Osuntuyi Hospital,TRANSFER,6/4/26,Check,10290,27600.00,,,-27600.00,,FALSE,FALSE,,1,52138,0.00,,0.00,0.00,,,,0.00,,11000,,0.00,0.00,0,,0.00,-27600.00,,,,,0.00,,,34,39,56386,,,,,,,,{00000000-0000-0000-0000-000000000000},,,,,0,,0.00
,Redwood Clinic,Redwood Clinic,TRANSFER,6/4/26,Check,10290,498100.00,,,-498100.00,,FALSE,FALSE,,1,52041,0.00,,0.00,0.00,,,,0.00,,11000,,0.00,0.00,0,,0.00,-498100.00,,,,,0.00,,,34,40,56387,,,,,,,,{00000000-0000-0000-0000-000000000000},,,,,0,,0.00
,Diatician Ace Medica,Diatician Ace Medicare,TRANSFER,6/4/26,Check,10290,30410.00,,,-30410.00,,FALSE,FALSE,,1,50283,0.00,,0.00,0.00,,,,0.00,,11000,,0.00,0.00,0,,0.00,-30410.00,,,,,0.00,,,34,50,56397,,,,,,,,{00000000-0000-0000-0000-000000000000},,,,,0,,0.00
,St Mary's Hospital,St Mary's Hospital,TRANSFER,6/5/26,Check,10290,22824.00,,,-22824.00,,FALSE,FALSE,,1,52067,0.00,,0.00,0.00,,,,0.00,,11000,,0.00,0.00,0,,0.00,-22824.00,,,,,0.00,,,34,18,56364,,,,,,,,{00000000-0000-0000-0000-000000000000},,,,,0,,0.00
,ABBEY'S PAEDIATIC,ABBEY'S PAEDIATIC,TRANSFER,6/5/26,Check,10290,214805.00,,,-214805.00,,FALSE,FALSE,,1,51990,0.00,,0.00,0.00,,,,0.00,,11000,,0.00,0.00,0,,0.00,-214805.00,,,,,0.00,,,34,41,56388,,,,,,,,{00000000-0000-0000-0000-000000000000},,,,,0,,0.00
,AB 10 Hospital,AB 10 Hospital,TRANSFER,6/5/26,Check,10290,152520.00,,,-152520.00,,FALSE,FALSE,,1,52146,0.00,,0.00,0.00,,,,0.00,,11000,,0.00,0.00,0,,0.00,-152520.00,,,,,0.00,,,34,42,56389,,,,,,,,{00000000-0000-0000-0000-000000000000},,,,,0,,0.00
,Deseret Hospital,Deseret Hospital,TRANSFER,6/5/26,Check,10290,406133.00,,,-406133.00,,FALSE,FALSE,,4,51849,0.00,,0.00,0.00,,,,0.00,,11000,,0.00,0.00,0,,0.00,-296507.00,,,,,0.00,,,34,43,56390,,,,,,,,{00000000-0000-0000-0000-000000000000},,,,,0,,0.00
,Deseret Hospital,Deseret Hospital,TRANSFER,6/5/26,Check,10290,406133.00,,,-406133.00,,FALSE,FALSE,,4,51898,0.00,,0.00,0.00,,,,0.00,,11000,,0.00,0.00,0,,0.00,-36542.00,,,,,0.00,,,34,43,56390,,,,,,,,{00000000-0000-0000-0000-000000000000},,,,,0,,0.00
,Deseret Hospital,Deseret Hospital,TRANSFER,6/5/26,Check,10290,406133.00,,,-406133.00,,FALSE,FALSE,,4,51947,0.00,,0.00,0.00,,,,0.00,,11000,,0.00,0.00,0,,0.00,-36542.00,,,,,0.00,,,34,43,56390,,,,,,,,{00000000-0000-0000-0000-000000000000},,,,,0,,0.00
,Deseret Hospital,Deseret Hospital,TRANSFER,6/5/26,Check,10290,406133.00,,,-406133.00,,FALSE,FALSE,,4,51956,0.00,,0.00,0.00,,,,0.00,,11000,,0.00,0.00,0,,0.00,-36542.00,,,,,0.00,,,34,43,56390,,,,,,,,{00000000-0000-0000-0000-000000000000},,,,,0,,0.00
,PeaceMaker Pharmacy,Peace Maker Pharmacy,TRANSFER,6/5/26,Check,10290,302900.00,,,-302900.00,,FALSE,FALSE,,3,52066,0.00,,0.00,0.00,,,,0.00,,11000,,0.00,0.00,0,,0.00,-19760.08,,,,,0.00,,,34,44,56391,,,,,,,,{00000000-0000-0000-0000-000000000000},,,,,0,,0.00
,PeaceMaker Pharmacy,Peace Maker Pharmacy,TRANSFER,6/5/26,Check,10290,302900.00,,,-302900.00,,FALSE,FALSE,,3,52099,0.00,,0.00,0.00,,,,0.00,,11000,,0.00,0.00,0,,0.00,-220084.00,,,,,0.00,,,34,44,56391,,,,,,,,{00000000-0000-0000-0000-000000000000},,,,,0,,0.00
,PeaceMaker Pharmacy,Peace Maker Pharmacy,TRANSFER,6/5/26,Check,10290,302900.00,,,-302900.00,,FALSE,FALSE,,3,52120,0.00,,0.00,0.00,,,,0.00,,11000,,0.00,0.00,0,,0.00,-63055.92,,,,,0.00,,,34,44,56391,,,,,,,,{00000000-0000-0000-0000-000000000000},,,,,0,,0.00
,Milennium Pharmacy,Milennium Pharmacy,TRANSFER,6/5/26,Check,10290,209800.00,,,-209800.00,,FALSE,FALSE,,3,51965,0.00,,0.00,0.00,,,,0.00,,11000,,0.00,0.00,0,,0.00,-65.00,,,,,0.00,,,34,45,56392,,,,,,,,{00000000-0000-0000-0000-000000000000},,,,,0,,0.00
,Milennium Pharmacy,Milennium Pharmacy,TRANSFER,6/5/26,Check,10290,209800.00,,,-209800.00,,FALSE,FALSE,,3,52100,0.00,,0.00,0.00,,,,0.00,,11000,,0.00,0.00,0,,0.00,-190695.00,,,,,0.00,,,34,45,56392,,,,,,,,{00000000-0000-0000-0000-000000000000},,,,,0,,0.00
,Milennium Pharmacy,Milennium Pharmacy,TRANSFER,6/5/26,Check,10290,209800.00,,,-209800.00,,FALSE,FALSE,,3,52133,0.00,,0.00,0.00,,,,0.00,,11000,,0.00,0.00,0,,0.00,-19040.00,,,,,0.00,,,34,45,56392,,,,,,,,{00000000-0000-0000-0000-000000000000},,,,,0,,0.00
,Reddington Hospital,Reddington Hospital,TRANSFER,6/5/26,Check,10290,457771.72,,,-457771.72,,FALSE,FALSE,,1,51610,0.00,,0.00,0.00,,,,0.00,,11000,,0.00,0.00,0,,0.00,-457771.72,,,,,0.00,,,34,46,56393,,,,,,,,{00000000-0000-0000-0000-000000000000},,,,,0,,0.00
,Reddington Hospital,Reddington Hospital,WHT TAX,6/5/26,Check,78200,9342.28,,,-9342.28,,FALSE,FALSE,,1,51610,0.00,,0.00,0.00,,,,0.00,,11000,,0.00,0.00,0,,0.00,-9342.28,,,,,0.00,,,34,47,56393,,,,,,,,{00000000-0000-0000-0000-000000000000},,,,,0,,0.00
,Sundry,Sundry,TRANSFER,6/5/26,Check,10290,71205.00,,,-71205.00,,FALSE,FALSE,,1,52154,0.00,,0.00,0.00,,,,0.00,,11000,,0.00,0.00,0,,0.00,-71205.00,,,,,0.00,,,34,48,56394,,,,,,,,{00000000-0000-0000-0000-000000000000},,,,,0,,0.00
,Mobonike Hospital,Mobonike Hospital,TRANSFER,6/5/26,Check,10290,27600.00,,,-27600.00,,FALSE,FALSE,,1,52143,0.00,,0.00,0.00,,,,0.00,,11000,,0.00,0.00,0,,0.00,-27600.00,,,,,0.00,,,34,49,56395,,,,,,,,{00000000-0000-0000-0000-000000000000},,,,,0,,0.00
,Beachland Specialist,Beachland Specialist Hospital,TRANSFER,6/5/26,Check,10290,1162060.00,,,-1162060.00,,FALSE,FALSE,,1,52006,0.00,,0.00,0.00,,,,0.00,,11000,,0.00,0.00,0,,0.00,-1162060.00,,,,,0.00,,,34,116,56470,,,,,,,,{00000000-0000-0000-0000-000000000000},,,,,0,,0.00
,Motayo Hospital,Motayo Hospital,CHEQUE,6/8/26,Check,10290,41061.00,,,-41061.00,,FALSE,FALSE,,1,51955,0.00,,0.00,0.00,,,,0.00,,11000,,0.00,0.00,0,,0.00,-41061.00,,,,,0.00,,,34,52,56401,,,,,,,,{00000000-0000-0000-0000-000000000000},,,,,0,,0.00
,County Hospital,County Hospital,TRANSFER,6/8/26,Check,10290,281590.00,,,-281590.00,,FALSE,FALSE,,1,52165,0.00,,0.00,0.00,,,,0.00,,11000,,0.00,0.00,0,,0.00,-281590.00,,,,,0.00,,,34,53,56403,,,,,,,,{00000000-0000-0000-0000-000000000000},,,,,0,,0.00
,Pure Heart Wellness,Pure Heart Wellness Solution C,TRANSFER,6/8/26,Check,10290,55690.00,,,-55690.00,,FALSE,FALSE,,1,52162,0.00,,0.00,0.00,,,,0.00,,11000,,0.00,0.00,0,,0.00,-55690.00,,,,,0.00,,,34,54,56404,,,,,,,,{00000000-0000-0000-0000-000000000000},,,,,0,,0.00
,Flexi Pharma,Flexi Pharma,TRANSFER,6/8/26,Check,10290,347149.00,,,-347149.00,,FALSE,FALSE,,1,52166,0.00,,0.00,0.00,,,,0.00,,11000,,0.00,0.00,0,,0.00,-347149.00,,,,,0.00,,,34,55,56405,,,,,,,,{00000000-0000-0000-0000-000000000000},,,,,0,,0.00
,Axa Mansard One Heal,Axa Mansard One Health Hospita,FIDELITY,6/8/26,Check,10290,50638.56,,,-50638.56,,FALSE,FALSE,,1,51150,0.00,,0.00,0.00,,,,0.00,,11000,,0.00,0.00,0,,0.00,-50638.56,,,,,0.00,,,34,86,56440,,,,,,,,{00000000-0000-0000-0000-000000000000},,,,,0,,0.00
,Golden Cross Hospita,Golden Cross Hospital,FIDELITY,6/8/26,Check,10290,240175.00,,,-240175.00,,FALSE,FALSE,,1,52117,0.00,,0.00,0.00,,,,0.00,,11000,,0.00,0.00,0,,0.00,-240175.00,,,,,0.00,,,34,87,56441,,,,,,,,{00000000-0000-0000-0000-000000000000},,,,,0,,0.00
,Axa Mansard One Heal,Axa Mansard One Health Hospita,WTH TAX,6/8/26,,78200,1033.44,,,-1033.44,,FALSE,FALSE,,1,51150,0.00,,0.00,0.00,,,,0.00,,11000,,0.00,0.00,0,,0.00,-1033.44,,,,,0.00,,,34,88,,,,,,,,,{00000000-0000-0000-0000-000000000000},,,,,0,,0.00
,U.C.H,U.C.H,TRANSFER,6/8/26,Check,10290,2039885.75,,,-2039885.75,,FALSE,FALSE,,1,058430,0.00,,0.00,0.00,,,,0.00,,11000,,0.00,0.00,0,,0.00,-2039885.75,,,,,0.00,,,34,113,56467,,,,,,,,{00000000-0000-0000-0000-000000000000},,,,,0,,0.00
,U.C.H,U.C.H,TRANSFR,6/8/26,Check,10290,2587746.60,,,0.00,,TRUE,FALSE,,1,,0.00,,0.00,0.00,,,,1.00,PAID FOR VACCINES,11000,,0.00,0.00,1,,0.00,-2587746.60,,,,,0.00,,,34,114,56468,,,,,,,,{00000000-0000-0000-0000-000000000000},,,,,0,,0.00
,U.C.H,U.C.H,WTH TAX,6/8/26,,10290,63089.25,,,-63089.25,,FALSE,FALSE,,1,058430,0.00,,0.00,0.00,,,,0.00,,11000,,0.00,0.00,0,,0.00,-63089.25,,,,,0.00,,,34,115,,,,,,,,,{00000000-0000-0000-0000-000000000000},,,,,0,,0.00
,Winan Hospital,Winan Hospital,FIDELITY,6/9/26,Check,10290,130111.00,,,-130111.00,,FALSE,FALSE,,7,42502,0.00,,0.00,0.00,,,,0.00,,11000,,0.00,0.00,0,,0.00,-1.00,,,,,0.00,,,34,89,56442,,,,,,,,{00000000-0000-0000-0000-000000000000},,,,,0,,0.00
,Winan Hospital,Winan Hospital,FIDELITY,6/9/26,Check,10290,130111.00,,,-130111.00,,FALSE,FALSE,,7,51755,0.00,,0.00,0.00,,,,0.00,,11000,,0.00,0.00,0,,0.00,-13800.00,,,,,0.00,,,34,89,56442,,,,,,,,{00000000-0000-0000-0000-000000000000},,,,,0,,0.00
,Winan Hospital,Winan Hospital,FIDELITY,6/9/26,Check,10290,130111.00,,,-130111.00,,FALSE,FALSE,,7,51771,0.00,,0.00,0.00,,,,0.00,,11000,,0.00,0.00,0,,0.00,-13800.00,,,,,0.00,,,34,89,56442,,,,,,,,{00000000-0000-0000-0000-000000000000},,,,,0,,0.00
,Winan Hospital,Winan Hospital,FIDELITY,6/9/26,Check,10290,130111.00,,,-130111.00,,FALSE,FALSE,,7,51851,0.00,,0.00,0.00,,,,0.00,,11000,,0.00,0.00,0,,0.00,-13800.00,,,,,0.00,,,34,89,56442,,,,,,,,{00000000-0000-0000-0000-000000000000},,,,,0,,0.00
,Winan Hospital,Winan Hospital,FIDELITY,6/9/26,Check,10290,130111.00,,,-130111.00,,FALSE,FALSE,,7,51913,0.00,,0.00,0.00,,,,0.00,,11000,,0.00,0.00,0,,0.00,-22825.00,,,,,0.00,,,34,89,56442,,,,,,,,{00000000-0000-0000-0000-000000000000},,,,,0,,0.00
,Winan Hospital,Winan Hospital,FIDELITY,6/9/26,Check,10290,130111.00,,,-130111.00,,FALSE,FALSE,,7,52034,0.00,,0.00,0.00,,,,0.00,,11000,,0.00,0.00,0,,0.00,-27600.00,,,,,0.00,,,34,89,56442,,,,,,,,{00000000-0000-0000-0000-000000000000},,,,,0,,0.00
,Winan Hospital,Winan Hospital,FIDELITY,6/9/26,Check,10290,130111.00,,,-130111.00,,FALSE,FALSE,,7,52174,0.00,,0.00,0.00,,,,0.00,,11000,,0.00,0.00,0,,0.00,-38285.00,,,,,0.00,,,34,89,56442,,,,,,,,{00000000-0000-0000-0000-000000000000},,,,,0,,0.00
,Charistan HealthCare,Charistan Health Care,TRANSFER,6/9/26,Check,10290,91335.00,,,-91335.00,,FALSE,FALSE,,1,52169,0.00,,0.00,0.00,,,,0.00,,11000,,0.00,0.00,0,,0.00,-91335.00,,,,,0.00,,,34,90,56443,,,,,,,,{00000000-0000-0000-0000-000000000000},,,,,0,,0.00
,May Central,May Central,TRANSFER,6/9/26,Check,10290,1512040.00,,,-1512040.00,,FALSE,FALSE,,1,51826,0.00,,0.00,0.00,,,,0.00,,11000,,0.00,0.00,0,,0.00,-1512040.00,,,,,0.00,,,34,96,56449,,,,,,,,{00000000-0000-0000-0000-000000000000},,,,,0,,0.00
,Sundry,Sundry,TRANSFER,6/9/26,Check,10290,12920.00,,,-12920.00,,FALSE,FALSE,,1,52188,0.00,,0.00,0.00,,,,0.00,,11000,,0.00,0.00,0,,0.00,-12920.00,,,,,0.00,,,34,97,56450,,,,,,,,{00000000-0000-0000-0000-000000000000},,,,,0,,0.00
,Mother & Child,Mother & Child  Hospital,TRANSFER,6/9/26,Check,10290,1391100.00,,,-1391100.00,,FALSE,FALSE,,1,50956,0.00,,0.00,0.00,,,,0.00,,11000,,0.00,0.00,0,,0.00,-1391100.00,,,,,0.00,,,34,98,56451,,,,,,,,{00000000-0000-0000-0000-000000000000},,,,,0,,0.00
,PINK CLINIC,PINK CLINIC,TRANSFER,6/9/26,Check,10290,613820.00,,,-613820.00,,FALSE,FALSE,,2,49994,0.00,,0.00,0.00,,,,0.00,,11000,,0.00,0.00,0,,0.00,-56920.00,,,,,0.00,,,34,99,56452,,,,,,,,{00000000-0000-0000-0000-000000000000},,,,,0,,0.00
,PINK CLINIC,PINK CLINIC,TRANSFER,6/9/26,Check,10290,613820.00,,,-613820.00,,FALSE,FALSE,,2,52193,0.00,,0.00,0.00,,,,0.00,,11000,,0.00,0.00,0,,0.00,-556900.00,,,,,0.00,,,34,99,56452,,,,,,,,{00000000-0000-0000-0000-000000000000},,,,,0,,0.00
,John Burke Hospital,John Burke Hospital,TRANSFER,6/9/26,Check,10290,55690.00,,,-55690.00,,FALSE,FALSE,,1,52175,0.00,,0.00,0.00,,,,0.00,,11000,,0.00,0.00,0,,0.00,-55690.00,,,,,0.00,,,34,112,56466,,,,,,,,{00000000-0000-0000-0000-000000000000},,,,,0,,0.00
,Victory Drugs Pharma,Victory Drugs Pharmacy,CHEQUE,6/10/26,Check,10290,154865.00,,,-154865.00,,FALSE,FALSE,,2,51916,0.00,,0.00,0.00,,,,0.00,,11000,,0.00,0.00,0,,0.00,-75665.00,,,,,0.00,,,34,57,56415,,,,,,,,{00000000-0000-0000-0000-000000000000},,,,,0,,0.00
,Victory Drugs Pharma,Victory Drugs Pharmacy,CHEQUE,6/10/26,Check,10290,154865.00,,,-154865.00,,FALSE,FALSE,,2,51936,0.00,,0.00,0.00,,,,0.00,,11000,,0.00,0.00,0,,0.00,-79200.00,,,,,0.00,,,34,57,56415,,,,,,,,{00000000-0000-0000-0000-000000000000},,,,,0,,0.00
,B.J Pharmacy,B.J Pharmacy,CHEQUE,6/10/26,Check,10290,13500.00,,,-13500.00,,FALSE,FALSE,,1,51850,0.00,,0.00,0.00,,,,0.00,,11000,,0.00,0.00,0,,0.00,-13500.00,,,,,0.00,,,34,58,56416,,,,,,,,{00000000-0000-0000-0000-000000000000},,,,,0,,0.00
,B.J Pharmacy,B.J Pharmacy,CHEQUE,6/10/26,Check,10290,26000.00,,,-26000.00,,FALSE,FALSE,,1,51850,0.00,,0.00,0.00,,,,0.00,,11000,,0.00,0.00,0,,0.00,-26000.00,,,,,0.00,,,34,59,56414,,,,,,,,{00000000-0000-0000-0000-000000000000},,,,,0,,0.00
,King Smith Hospital,King Smith Hospital,CHEQUE,6/10/26,Check,10290,94500.00,,,-94500.00,,FALSE,FALSE,,1,52197,0.00,,0.00,0.00,,,,0.00,,11000,,0.00,0.00,0,,0.00,-94500.00,,,,,0.00,,,34,60,56417,,,,,,,,{00000000-0000-0000-0000-000000000000},,,,,0,,0.00
,Sundry,Sundry,FIDELITY,6/10/26,Check,10290,13800.00,,,-13800.00,,FALSE,FALSE,,1,52194,0.00,,0.00,0.00,,,,0.00,,11000,,0.00,0.00,0,,0.00,-13800.00,,,,,0.00,,,34,61,56418,,,,,,,,{00000000-0000-0000-0000-000000000000},,,,,0,,0.00
,LASUTH Fee Paying Px,LASUTH Fee Paying Pharmacy,CHEQUE,6/10/26,Check,10290,2886270.00,,,-2886270.00,,FALSE,FALSE,,5,51380,0.00,,0.00,0.00,,,,0.00,,11000,,0.00,0.00,0,,0.00,-304060.00,,,,,0.00,,,34,62,56410,,,,,,,,{00000000-0000-0000-0000-000000000000},,,,,0,,0.00
,LASUTH Fee Paying Px,LASUTH Fee Paying Pharmacy,CHEQUE,6/10/26,Check,10290,2886270.00,,,-2886270.00,,FALSE,FALSE,,5,51412,0.00,,0.00,0.00,,,,0.00,,11000,,0.00,0.00,0,,0.00,-152030.00,,,,,0.00,,,34,62,56410,,,,,,,,{00000000-0000-0000-0000-000000000000},,,,,0,,0.00
,LASUTH Fee Paying Px,LASUTH Fee Paying Pharmacy,CHEQUE,6/10/26,Check,10290,2886270.00,,,-2886270.00,,FALSE,FALSE,,5,51487,0.00,,0.00,0.00,,,,0.00,,11000,,0.00,0.00,0,,0.00,-1102400.00,,,,,0.00,,,34,62,56410,,,,,,,,{00000000-0000-0000-0000-000000000000},,,,,0,,0.00
,LASUTH Fee Paying Px,LASUTH Fee Paying Pharmacy,CHEQUE,6/10/26,Check,10290,2886270.00,,,-2886270.00,,FALSE,FALSE,,5,51488,0.00,,0.00,0.00,,,,0.00,,11000,,0.00,0.00,0,,0.00,-906740.00,,,,,0.00,,,34,62,56410,,,,,,,,{00000000-0000-0000-0000-000000000000},,,,,0,,0.00
,LASUTH Fee Paying Px,LASUTH Fee Paying Pharmacy,CHEQUE,6/10/26,Check,10290,2886270.00,,,-2886270.00,,FALSE,FALSE,,5,51554,0.00,,0.00,0.00,,,,0.00,,11000,,0.00,0.00,0,,0.00,-421040.00,,,,,0.00,,,34,62,56410,,,,,,,,{00000000-0000-0000-0000-000000000000},,,,,0,,0.00
,Shepherd Medical Cen,Shepherd Medical Centre,CHEQUE,6/10/26,Check,10290,400000.00,,,-400000.00,,FALSE,FALSE,,1,51280,0.00,,0.00,0.00,,,,0.00,,11000,,0.00,0.00,0,,0.00,-400000.00,,,,,0.00,,,34,63,56411,,,,,,,,{00000000-0000-0000-0000-000000000000},,,,,0,,0.00
,GH ISOLO,GH ISOLO,CHEQUE,6/10/26,Check,10290,204930.00,,,-204930.00,,FALSE,FALSE,,1,51575,0.00,,0.00,0.00,,,,0.00,,11000,,0.00,0.00,0,,0.00,-204930.00,,,,,0.00,,,34,64,56412,,,,,,,,{00000000-0000-0000-0000-000000000000},,,,,0,,0.00
,Emel Hospital,Emel Hospital,CHEQUE,6/10/26,Check,10290,417694.00,,,-417694.00,,FALSE,FALSE,,1,51574,0.00,,0.00,0.00,,,,0.00,,11000,,0.00,0.00,0,,0.00,-417694.00,,,,,0.00,,,34,65,56413,,,,,,,,{00000000-0000-0000-0000-000000000000},,,,,0,,0.00
,Mr Solomon Oretolu,Mr Solomon Oretolu,TRANSFER,6/10/26,Check,10290,58020.00,,,-58020.00,,FALSE,FALSE,,1,52195,0.00,,0.00,0.00,,,,0.00,,11000,,0.00,0.00,0,,0.00,-58020.00,,,,,0.00,,,34,100,56453,,,,,,,,{00000000-0000-0000-0000-000000000000},,,,,0,,0.00
,Life Line Hospt Suru,Life line specialist,TRANSFER,6/10/26,Check,10290,2314950.00,,,-2314950.00,,FALSE,FALSE,,4,51184,0.00,,0.00,0.00,,,,0.00,,11000,,0.00,0.00,0,,0.00,-317490.00,,,,,0.00,,,34,102,56455,,,,,,,,{00000000-0000-0000-0000-000000000000},,,,,0,,0.00
,Life Line Hospt Suru,Life line specialist,TRANSFER,6/10/26,Check,10290,2314950.00,,,-2314950.00,,FALSE,FALSE,,4,51278,0.00,,0.00,0.00,,,,0.00,,11000,,0.00,0.00,0,,0.00,-1241600.00,,,,,0.00,,,34,102,56455,,,,,,,,{00000000-0000-0000-0000-000000000000},,,,,0,,0.00
,Life Line Hospt Suru,Life line specialist,TRANSFER,6/10/26,Check,10290,2314950.00,,,-2314950.00,,FALSE,FALSE,,4,51363,0.00,,0.00,0.00,,,,0.00,,11000,,0.00,0.00,0,,0.00,-299380.00,,,,,0.00,,,34,102,56455,,,,,,,,{00000000-0000-0000-0000-000000000000},,,,,0,,0.00
,Life Line Hospt Suru,Life line specialist,TRANSFER,6/10/26,Check,10290,2314950.00,,,-2314950.00,,FALSE,FALSE,,4,51461,0.00,,0.00,0.00,,,,0.00,,11000,,0.00,0.00,0,,0.00,-456480.00,,,,,0.00,,,34,102,56455,,,,,,,,{00000000-0000-0000-0000-000000000000},,,,,0,,0.00
,Rubee Medical,Rubee Medical centre,TRANSFER,6/10/26,Check,10290,118167.02,,,-118167.02,,FALSE,FALSE,,1,51824,0.00,,0.00,0.00,,,,0.00,,11000,,0.00,0.00,0,,0.00,-118167.02,,,,,0.00,,,34,103,56456,,,,,,,,{00000000-0000-0000-0000-000000000000},,,,,0,,0.00
,Duchess Hospital,Duchess Hospital,TRANSFER,6/10/26,Check,10290,20000.00,,,-20000.00,,FALSE,FALSE,,1,50901,0.00,,0.00,0.00,,,,0.00,,11000,,0.00,0.00,0,,0.00,-20000.00,,,,,0.00,,,34,104,56457,,,,,,,,{00000000-0000-0000-0000-000000000000},,,,,0,,0.00
,Life Gate hosp.,Life Gate  hosp,CHEQUE,6/11/26,Check,10290,191425.00,,,-191425.00,,FALSE,FALSE,,1,51727,0.00,,0.00,0.00,,,,0.00,,11000,,0.00,0.00,0,,0.00,-191425.00,,,,,0.00,,,34,66,56420,,,,,,,,{00000000-0000-0000-0000-000000000000},,,,,0,,0.00
,Pure Heart Wellness,Pure Heart Wellness Solution C,TRANSFER,6/11/26,Check,10290,55000.00,,,-55000.00,,FALSE,FALSE,,1,52225,0.00,,0.00,0.00,,,,0.00,,11000,,0.00,0.00,0,,0.00,-55000.00,,,,,0.00,,,34,67,56421,,,,,,,,{00000000-0000-0000-0000-000000000000},,,,,0,,0.00
,Pure Heart Wellness,Pure Heart Wellness Solution C,TRANSFER,6/11/26,Check,10290,690.00,,,-690.00,,FALSE,FALSE,,1,52225,0.00,,0.00,0.00,,,,0.00,,11000,,0.00,0.00,0,,0.00,-690.00,,,,,0.00,,,34,68,56422,,,,,,,,{00000000-0000-0000-0000-000000000000},,,,,0,,0.00
,Life Giver Global,Life Giver Global,TRANSFER,6/11/26,Check,10290,2950000.00,,,-2950000.00,,FALSE,FALSE,,2,51550,0.00,,0.00,0.00,,,,0.00,,11000,,0.00,0.00,0,,0.00,-2190126.90,,,,,0.00,,,34,105,56458,,,,,,,,{00000000-0000-0000-0000-000000000000},,,,,0,,0.00
,Life Giver Global,Life Giver Global,TRANSFER,6/11/26,Check,10290,2950000.00,,,-2950000.00,,FALSE,FALSE,,2,51754,0.00,,0.00,0.00,,,,0.00,,11000,,0.00,0.00,0,,0.00,-759873.10,,,,,0.00,,,34,105,56458,,,,,,,,{00000000-0000-0000-0000-000000000000},,,,,0,,0.00
,Nurse Taiwo Ifako,Nurse Taiwo Ifako,TRANSFER,6/11/26,Check,10290,56180.00,,,-56180.00,,FALSE,FALSE,,1,52213,0.00,,0.00,0.00,,,,0.00,,11000,,0.00,0.00,0,,0.00,-56180.00,,,,,0.00,,,34,106,56461,,,,,,,,{00000000-0000-0000-0000-000000000000},,,,,0,,0.00
,Mother & Child,Mother & Child  Hospital,TRANSFER,6/11/26,Check,10290,1268345.00,,,-1268345.00,,FALSE,FALSE,,1,52149,0.00,,0.00,0.00,,,,0.00,,11000,,0.00,0.00,0,,0.00,-1268345.00,,,,,0.00,,,34,107,56462,,,,,,,,{00000000-0000-0000-0000-000000000000},,,,,0,,0.00
,Alpha Pharmacy,Alpha Pharmacy,TRANSFER,6/11/26,Check,10290,1131664.80,,,-1131664.80,,FALSE,FALSE,,1,51775,0.00,,0.00,0.00,,,,0.00,,11000,,0.00,0.00,0,,0.00,-1131664.80,,,,,0.00,,,34,108,56463,,,,,,,,{00000000-0000-0000-0000-000000000000},,,,,0,,0.00
,O'kit Pharmaceutical,O'kit Pharmaceuticals Enterpri,TRANSFER,6/11/26,Check,10290,411838.00,,,-411838.00,,FALSE,FALSE,,1,52096,0.00,,0.00,0.00,,,,0.00,,11000,,0.00,0.00,0,,0.00,-411838.00,,,,,0.00,,,34,109,56464,,,,,,,,{00000000-0000-0000-0000-000000000000},,,,,0,,0.00
,Alpha Pharmacy,Alpha Pharmacy,WTH TAX,6/11/26,,78200,23095.20,,,-23095.20,,FALSE,FALSE,,1,51775,0.00,,0.00,0.00,,,,0.00,,11000,,0.00,0.00,0,,0.00,-23095.20,,,,,0.00,,,34,110,,,,,,,,,{00000000-0000-0000-0000-000000000000},,,,,0,,0.00
,Mother & Child,Mother & Child  Hospital,TRANSFER,6/11/26,Check,10290,1115275.00,,,-1115275.00,,FALSE,FALSE,,1,52148,0.00,,0.00,0.00,,,,0.00,,11000,,0.00,0.00,0,,0.00,-1115275.00,,,,,0.00,,,34,118,56462,,,,,,,,{00000000-0000-0000-0000-000000000000},,,,,0,,0.00
,Sundry,Sundry,TRANSFER,6/12/26,Check,10290,213235.00,,,-213235.00,,FALSE,FALSE,,1,52228,0.00,,0.00,0.00,,,,0.00,,11000,,0.00,0.00,0,,0.00,-213235.00,,,,,0.00,,,34,70,56424,,,,,,,,{00000000-0000-0000-0000-000000000000},,,,,0,,0.00
,Sundry,Sundry,TRANSFER,6/12/26,Check,10290,13000.00,,,-13000.00,,FALSE,FALSE,,1,52228,0.00,,0.00,0.00,,,,0.00,,11000,,0.00,0.00,0,,0.00,-13000.00,,,,,0.00,,,34,71,56425,,,,,,,,{00000000-0000-0000-0000-000000000000},,,,,0,,0.00
,Sundry,Sundry,TRANSFER,6/12/26,Check,10290,20435.00,,,-20435.00,,FALSE,FALSE,,1,52229,0.00,,0.00,0.00,,,,0.00,,11000,,0.00,0.00,0,,0.00,-20435.00,,,,,0.00,,,34,72,56426,,,,,,,,{00000000-0000-0000-0000-000000000000},,,,,0,,0.00
,County Hospital,County Hospital,TRANSFER,6/15/26,Check,10290,55690.00,,,-55690.00,,FALSE,FALSE,,1,52240,0.00,,0.00,0.00,,,,0.00,,11000,,0.00,0.00,0,,0.00,-55690.00,,,,,0.00,,,34,73,56427,,,,,,,,{00000000-0000-0000-0000-000000000000},,,,,0,,0.00
,County Hospital,County Hospital,TRANSFER,6/15/26,Check,10290,41885.00,,,-41885.00,,FALSE,FALSE,,1,52241,0.00,,0.00,0.00,,,,0.00,,11000,,0.00,0.00,0,,0.00,-41885.00,,,,,0.00,,,34,74,56428,,,,,,,,{00000000-0000-0000-0000-000000000000},,,,,0,,0.00
,Santefort Pharmacy,Santefort Pharmacy,TRANSFER,6/15/26,Check,10290,29820.00,,,-29820.00,,FALSE,FALSE,,1,52239,0.00,,0.00,0.00,,,,0.00,,11000,,0.00,0.00,0,,0.00,-29820.00,,,,,0.00,,,34,75,56429,,,,,,,,{00000000-0000-0000-0000-000000000000},,,,,0,,0.00
,Sundry,Sundry,TRANSFER,6/15/26,Check,10290,30866.00,,,-30866.00,,FALSE,FALSE,,1,52246,0.00,,0.00,0.00,,,,0.00,,11000,,0.00,0.00,0,,0.00,-30866.00,,,,,0.00,,,34,76,56430,,,,,,,,{00000000-0000-0000-0000-000000000000},,,,,0,,0.00
,His Glory Hospital,His Glory Hospital,TRANSFER,6/15/26,Check,10290,750000.00,,,-750000.00,,FALSE,FALSE,,3,50747,0.00,,0.00,0.00,,,,0.00,,11000,,0.00,0.00,0,,0.00,-453990.00,,,,,0.00,,,34,77,56431,,,,,,,,{00000000-0000-0000-0000-000000000000},,,,,0,,0.00
,His Glory Hospital,His Glory Hospital,TRANSFER,6/15/26,Check,10290,750000.00,,,-750000.00,,FALSE,FALSE,,3,51149,0.00,,0.00,0.00,,,,0.00,,11000,,0.00,0.00,0,,0.00,-275490.00,,,,,0.00,,,34,77,56431,,,,,,,,{00000000-0000-0000-0000-000000000000},,,,,0,,0.00
,His Glory Hospital,His Glory Hospital,TRANSFER,6/15/26,Check,10290,750000.00,,,-750000.00,,FALSE,FALSE,,3,51846,0.00,,0.00,0.00,,,,0.00,,11000,,0.00,0.00,0,,0.00,-20520.00,,,,,0.00,,,34,77,56431,,,,,,,,{00000000-0000-0000-0000-000000000000},,,,,0,,0.00
,Golden Cross Hospita,Golden Cross Hospital,TRANSFER,6/15/26,Check,10290,311684.00,,,-311684.00,,FALSE,FALSE,,1,52191,0.00,,0.00,0.00,,,,0.00,,11000,,0.00,0.00,0,,0.00,-311684.00,,,,,0.00,,,34,117,56471,,,,,,,,{00000000-0000-0000-0000-000000000000},,,,,0,,0.00
,Axa Mansard One Heal,Axa Mansard One Health Hospita,TRANSFER,6/15/26,Check,10290,970072.60,,,-970072.60,,FALSE,FALSE,,1,51892,0.00,,0.00,0.00,,,,0.00,,11000,,0.00,0.00,0,,0.00,-970072.60,,,,,0.00,,,34,119,56472,,,,,,,,{00000000-0000-0000-0000-000000000000},,,,,0,,0.00
,Axa Mansard One Heal,Axa Mansard One Health Hospita,WHT TAX,6/15/26,Check,78200,19797.40,,,-19797.40,,FALSE,FALSE,,1,51892,0.00,,0.00,0.00,,,,0.00,,11000,,0.00,0.00,0,,0.00,-19797.40,,,,,0.00,,,34,120,56472,,,,,,,,{00000000-0000-0000-0000-000000000000},,,,,0,,0.00
,Milennium Pharmacy,Milennium Pharmacy,TRANSFER,6/15/26,Check,10290,795800.00,,,-795800.00,,FALSE,FALSE,,4,50984,0.00,,0.00,0.00,,,,0.00,,11000,,0.00,0.00,0,,0.00,1291.55,,,,,0.00,,,34,123,56475,,,,,,,,{00000000-0000-0000-0000-000000000000},,,,,0,,0.00
,Milennium Pharmacy,Milennium Pharmacy,TRANSFER,6/15/26,Check,10290,795800.00,,,-795800.00,,FALSE,FALSE,,4,51965,0.00,,0.00,0.00,,,,0.00,,11000,,0.00,0.00,0,,0.00,176.00,,,,,0.00,,,34,123,56475,,,,,,,,{00000000-0000-0000-0000-000000000000},,,,,0,,0.00
,Milennium Pharmacy,Milennium Pharmacy,TRANSFER,6/15/26,Check,10290,795800.00,,,-795800.00,,FALSE,FALSE,,4,52202,0.00,,0.00,0.00,,,,0.00,,11000,,0.00,0.00,0,,0.00,-797230.00,,,,,0.00,,,34,123,56475,,,,,,,,{00000000-0000-0000-0000-000000000000},,,,,0,,0.00
,Milennium Pharmacy,Milennium Pharmacy,TRANSFER,6/15/26,Check,10290,795800.00,,,-795800.00,,FALSE,FALSE,,4,52309,0.00,,0.00,0.00,,,,0.00,,11000,,0.00,0.00,0,,0.00,-37.55,,,,,0.00,,,34,123,56475,,,,,,,,{00000000-0000-0000-0000-000000000000},,,,,0,,0.00
,Matron Okeke,Matron Okeke C/O Lagoon Hx,TRANSFER,6/15/26,Check,10290,38285.00,,,-38285.00,,FALSE,FALSE,,1,52150,0.00,,0.00,0.00,,,,0.00,,11000,,0.00,0.00,0,,0.00,-38285.00,,,,,0.00,,,34,124,56476,,,,,,,,{00000000-0000-0000-0000-000000000000},,,,,0,,0.00
,FineView Specialist,Fineview Specialist Hospital,TRANSFER,6/15/26,Check,10290,154855.00,,,-154855.00,,FALSE,FALSE,,1,52253,0.00,,0.00,0.00,,,,0.00,,11000,,0.00,0.00,0,,0.00,-154855.00,,,,,0.00,,,34,125,56477,,,,,,,,{00000000-0000-0000-0000-000000000000},,,,,0,,0.00
,Sacred Heart Hosp,Sacred Heart Hosp,TRANSFER,6/15/26,Check,10290,134132.60,,,-134132.60,,FALSE,FALSE,,1,51718,0.00,,0.00,0.00,,,,0.00,,11000,,0.00,0.00,0,,0.00,-134132.60,,,,,0.00,,,34,126,56478,,,,,,,,{00000000-0000-0000-0000-000000000000},,,,,0,,0.00
,Sacred Heart Hosp,Sacred Heart Hosp,WHT TAX,6/15/26,Check,78200,2737.40,,,-2737.40,,FALSE,FALSE,,1,51718,0.00,,0.00,0.00,,,,0.00,,11000,,0.00,0.00,0,,0.00,-2737.40,,,,,0.00,,,34,127,56478,,,,,,,,{00000000-0000-0000-0000-000000000000},,,,,0,,0.00
,St. Ives Specialist,St Ives Specialist Hospital,CHEQUE,6/16/26,Check,10290,289900.00,,,-289900.00,,FALSE,FALSE,,1,50920,0.00,,0.00,0.00,,,,0.00,,11000,,0.00,0.00,0,,0.00,-289900.00,,,,,0.00,,,34,78,56432,,,,,,,,{00000000-0000-0000-0000-000000000000},,,,,0,,0.00
,St. Ives Specialist,St Ives Specialist Hospital,CHEQUE,6/16/26,Check,10290,237898.00,,,-237898.00,,FALSE,FALSE,,1,51697,0.00,,0.00,0.00,,,,0.00,,11000,,0.00,0.00,0,,0.00,-237898.00,,,,,0.00,,,34,79,56433,,,,,,,,{00000000-0000-0000-0000-000000000000},,,,,0,,0.00
,Queen's Hospital,Queen's Hospital,TRANSFER,6/16/26,Check,10290,38285.00,,,-38285.00,,FALSE,FALSE,,1,52248,0.00,,0.00,0.00,,,,0.00,,11000,,0.00,0.00,0,,0.00,-38285.00,,,,,0.00,,,34,80,56434,,,,,,,,{00000000-0000-0000-0000-000000000000},,,,,0,,0.00
,Life Fort Children,Life Fort Chhildren Centre,CHEQUE,6/16/26,Check,10290,96070.00,,,-96070.00,,FALSE,FALSE,,1,52243,0.00,,0.00,0.00,,,,0.00,,11000,,0.00,0.00,0,,0.00,-96070.00,,,,,0.00,,,34,81,56435,,,,,,,,{00000000-0000-0000-0000-000000000000},,,,,0,,0.00
,Titobi Pharmacy,Titobi Pharmacy,TRANSFER,6/16/26,Check,10290,218000.00,,,-218000.00,,FALSE,FALSE,,2,49076,0.00,,0.00,0.00,,,,0.00,,11000,,0.00,0.00,0,,0.00,20.00,,,,,0.00,,,34,128,56479,,,,,,,,{00000000-0000-0000-0000-000000000000},,,,,0,,0.00
,Titobi Pharmacy,Titobi Pharmacy,TRANSFER,6/16/26,Check,10290,218000.00,,,-218000.00,,FALSE,FALSE,,2,51828,0.00,,0.00,0.00,,,,0.00,,11000,,0.00,0.00,0,,0.00,-218020.00,,,,,0.00,,,34,128,56479,,,,,,,,{00000000-0000-0000-0000-000000000000},,,,,0,,0.00
,Mucas Hospital,Mucas Hospital,TRANSFER,6/16/26,Check,10290,38285.00,,,-38285.00,,FALSE,FALSE,,1,52092,0.00,,0.00,0.00,,,,0.00,,11000,,0.00,0.00,0,,0.00,-38285.00,,,,,0.00,,,34,129,56481,,,,,,,,{00000000-0000-0000-0000-000000000000},,,,,0,,0.00
,R.O.A Hospital,R.O.A Hospital,TRANSFER,6/16/26,Check,10290,25836.00,,,-25836.00,,FALSE,FALSE,,1,52262,0.00,,0.00,0.00,,,,0.00,,11000,,0.00,0.00,0,,0.00,-25836.00,,,,,0.00,,,34,130,56482,,,,,,,,{00000000-0000-0000-0000-000000000000},,,,,0,,0.00
,Duchess Hospital,Duchess Hospital,TRANSFER,6/16/26,Check,10290,415248.00,,,-415248.00,,FALSE,FALSE,,1,51884,0.00,,0.00,0.00,,,,0.00,,11000,,0.00,0.00,0,,0.00,-415248.00,,,,,0.00,,,34,131,56483,,,,,,,,{00000000-0000-0000-0000-000000000000},,,,,0,,0.00
,Duchess Hospital,Duchess Hospital,TRANSFER,6/16/26,Check,10290,1302645.00,,,-1302645.00,,FALSE,FALSE,,1,51907,0.00,,0.00,0.00,,,,0.00,,11000,,0.00,0.00,0,,0.00,-1302645.00,,,,,0.00,,,34,132,56484,,,,,,,,{00000000-0000-0000-0000-000000000000},,,,,0,,0.00
,Duchess Hospital,Duchess Hospital,TRANSFER,6/16/26,Check,10290,1313182.00,,,-1313182.00,,FALSE,FALSE,,1,51825,0.00,,0.00,0.00,,,,0.00,,11000,,0.00,0.00,0,,0.00,-1313182.00,,,,,0.00,,,34,133,56485,,,,,,,,{00000000-0000-0000-0000-000000000000},,,,,0,,0.00
,Sundry,Sundry,TRANSFER,6/16/26,Check,10290,37055.00,,,-37055.00,,FALSE,FALSE,,1,52303,0.00,,0.00,0.00,,,,0.00,,11000,,0.00,0.00,0,,0.00,-37055.00,,,,,0.00,,,34,134,56486,,,,,,,,{00000000-0000-0000-0000-000000000000},,,,,0,,0.00
,Blue Gate Pharmacy,Blue Gate Pharmacy,CASH,6/18/26,Cash,10100,80000.00,,,-80000.00,,FALSE,FALSE,,1,51690,0.00,,0.00,0.00,,,,0.00,,11000,,0.00,0.00,0,,0.00,-80000.00,,,,,0.00,,,34,82,56436,,,,,,,,{00000000-0000-0000-0000-000000000000},,,,,0,,0.00
,Turmeric Pharmacy,Turmeric Pharmacy,CASH,6/18/26,Cash,10100,100000.00,,,-100000.00,,FALSE,FALSE,,1,51832,0.00,,0.00,0.00,,,,0.00,,11000,,0.00,0.00,0,,0.00,-100000.00,,,,,0.00,,,34,83,56437,,,,,,,,{00000000-0000-0000-0000-000000000000},,,,,0,,0.00
,B.J Pharmacy,B.J Pharmacy,CASH,6/18/26,Cash,10100,100000.00,,,-100000.00,,FALSE,FALSE,,1,51926,0.00,,0.00,0.00,,,,0.00,,11000,,0.00,0.00,0,,0.00,-100000.00,,,,,0.00,,,34,84,56438,,,,,,,,{00000000-0000-0000-0000-000000000000},,,,,0,,0.00
,Pill Box,Pill Box px.,CASH,6/18/26,Cash,10100,100000.00,,,-100000.00,,FALSE,FALSE,,1,51878,0.00,,0.00,0.00,,,,0.00,,11000,,0.00,0.00,0,,0.00,-100000.00,,,,,0.00,,,34,85,56439,,,,,,,,{00000000-0000-0000-0000-000000000000},,,,,0,,0.00
,Maris Health Place,Maris Health Place,TRANSFORM,6/18/26,Check,10290,109000.00,,,-109000.00,,FALSE,FALSE,,4,51348,0.00,,0.00,0.00,,,,0.00,,11000,,0.00,0.00,0,,0.00,77.00,,,,,0.00,,,34,92,56445,,,,,,,,{00000000-0000-0000-0000-000000000000},,,,,0,,0.00
,Maris Health Place,Maris Health Place,TRANSFORM,6/18/26,Check,10290,109000.00,,,-109000.00,,FALSE,FALSE,,4,51934,0.00,,0.00,0.00,,,,0.00,,11000,,0.00,0.00,0,,0.00,-52800.00,,,,,0.00,,,34,92,56445,,,,,,,,{00000000-0000-0000-0000-000000000000},,,,,0,,0.00
,Maris Health Place,Maris Health Place,TRANSFORM,6/18/26,Check,10290,109000.00,,,-109000.00,,FALSE,FALSE,,4,52119,0.00,,0.00,0.00,,,,0.00,,11000,,0.00,0.00,0,,0.00,-34604.00,,,,,0.00,,,34,92,56445,,,,,,,,{00000000-0000-0000-0000-000000000000},,,,,0,,0.00
,Maris Health Place,Maris Health Place,TRANSFORM,6/18/26,Check,10290,109000.00,,,-109000.00,,FALSE,FALSE,,4,52268,0.00,,0.00,0.00,,,,0.00,,11000,,0.00,0.00,0,,0.00,-21673.00,,,,,0.00,,,34,92,56445,,,,,,,,{00000000-0000-0000-0000-000000000000},,,,,0,,0.00
,Sundry,Sundry,TRANSFER,6/18/26,Check,10290,38285.00,,,-38285.00,,FALSE,FALSE,,1,52281,0.00,,0.00,0.00,,,,0.00,,11000,,0.00,0.00,0,,0.00,-38285.00,,,,,0.00,,,34,93,56446,,,,,,,,{00000000-0000-0000-0000-000000000000},,,,,0,,0.00
,AB 10 Hospital,AB 10 Hospital,TRANSFER,6/18/26,Check,10290,135040.00,,,-135040.00,,FALSE,FALSE,,1,52293,0.00,,0.00,0.00,,,,0.00,,11000,,0.00,0.00,0,,0.00,-135040.00,,,,,0.00,,,34,94,56447,,,,,,,,{00000000-0000-0000-0000-000000000000},,,,,0,,0.00
,St. Ives Specialist,St Ives Specialist Hospital,...CHEQUE,6/19/26,Check,10290,312692.52,,,0.00,,TRUE,FALSE,,1,,0.00,,0.00,0.00,,,,1.00,PAID FOR VACCINES,11000,,0.00,0.00,1,,0.00,-312692.52,,,,,0.00,,,34,91,56444,,,,,,,,{00000000-0000-0000-0000-000000000000},,,,,0,,0.00
,County Hospital,County Hospital,FIDELITY,6/19/26,Check,10290,68000.00,,,-68000.00,,FALSE,FALSE,,1,52294,0.00,,0.00,0.00,,,,0.00,,11000,,0.00,0.00,0,,0.00,-68000.00,,,,,0.00,,,34,95,56448,,,,,,,,{00000000-0000-0000-0000-000000000000},,,,,0,,0.00
,Sundry,Sundry,TRANSFER,6/19/26,Check,10290,6050.00,,,-6050.00,,FALSE,FALSE,,1,52196,0.00,,0.00,0.00,,,,0.00,,11000,,0.00,0.00,0,,0.00,-6050.00,,,,,0.00,,,34,101,56454,,,,,,,,{00000000-0000-0000-0000-000000000000},,,,,0,,0.00
,Alpha Beta Hospital,Alpha Beta Hospital,TRANSFER,6/19/26,Check,10290,216402.00,,,-216402.00,,FALSE,FALSE,,1,51880,0.00,,0.00,0.00,,,,0.00,,11000,,0.00,0.00,0,,0.00,-216402.00,,,,,0.00,,,34,111,56465,,,,,,,,{00000000-0000-0000-0000-000000000000},,,,,0,,0.00
,Vaccination Centre,Vaccination Centre,CHEQUE,6/19/26,Check,10290,540460.00,,,-540460.00,,FALSE,FALSE,,1,52109,0.00,,0.00,0.00,,,,0.00,,11000,,0.00,0.00,0,,0.00,-540460.00,,,,,0.00,,,34,121,56473,,,,,,,,{00000000-0000-0000-0000-000000000000},,,,,0,,0.00
,Vaccination Centre,Vaccination Centre,CHEQUE,6/19/26,Check,10290,274065.00,,,-274065.00,,FALSE,FALSE,,1,52142,0.00,,0.00,0.00,,,,0.00,,11000,,0.00,0.00,0,,0.00,-274065.00,,,,,0.00,,,34,122,56474,,,,,,,,{00000000-0000-0000-0000-000000000000},,,,,0,,0.00
,Emel Hospital,Emel Hospital,CHEQUE,6/24/26,Check,10290,340537.00,,,-340537.00,,FALSE,FALSE,,2,51841,0.00,,0.00,0.00,,,,0.00,,11000,,0.00,0.00,0,,0.00,-242458.00,,,,,0.00,,,34,135,56487,,,,,,,,{00000000-0000-0000-0000-000000000000},,,,,0,,0.00
,Emel Hospital,Emel Hospital,CHEQUE,6/24/26,Check,10290,340537.00,,,-340537.00,,FALSE,FALSE,,2,51925,0.00,,0.00,0.00,,,,0.00,,11000,,0.00,0.00,0,,0.00,-98079.00,,,,,0.00,,,34,135,56487,,,,,,,,{00000000-0000-0000-0000-000000000000},,,,,0,,0.00
,Blue Gate Pharmacy,Blue Gate Pharmacy,CASH,6/24/26,Cash,10100,250000.00,,,-250000.00,,FALSE,FALSE,,6,51690,0.00,,0.00,0.00,,,,0.00,,11000,,0.00,0.00,0,,0.00,-30470.83,,,,,0.00,,,34,136,56488,,,,,,,,{00000000-0000-0000-0000-000000000000},,,,,0,,0.00
,Blue Gate Pharmacy,Blue Gate Pharmacy,CASH,6/24/26,Cash,10100,250000.00,,,-250000.00,,FALSE,FALSE,,6,51835,0.00,,0.00,0.00,,,,0.00,,11000,,0.00,0.00,0,,0.00,-94853.00,,,,,0.00,,,34,136,56488,,,,,,,,{00000000-0000-0000-0000-000000000000},,,,,0,,0.00
,Blue Gate Pharmacy,Blue Gate Pharmacy,CASH,6/24/26,Cash,10100,250000.00,,,-250000.00,,FALSE,FALSE,,6,51998,0.00,,0.00,0.00,,,,0.00,,11000,,0.00,0.00,0,,0.00,-30681.17,,,,,0.00,,,34,136,56488,,,,,,,,{00000000-0000-0000-0000-000000000000},,,,,0,,0.00
,Blue Gate Pharmacy,Blue Gate Pharmacy,CASH,6/24/26,Cash,10100,250000.00,,,-250000.00,,FALSE,FALSE,,6,52088,0.00,,0.00,0.00,,,,0.00,,11000,,0.00,0.00,0,,0.00,-10335.00,,,,,0.00,,,34,136,56488,,,,,,,,{00000000-0000-0000-0000-000000000000},,,,,0,,0.00
,Blue Gate Pharmacy,Blue Gate Pharmacy,CASH,6/24/26,Cash,10100,250000.00,,,-250000.00,,FALSE,FALSE,,6,52121,0.00,,0.00,0.00,,,,0.00,,11000,,0.00,0.00,0,,0.00,-20670.00,,,,,0.00,,,34,136,56488,,,,,,,,{00000000-0000-0000-0000-000000000000},,,,,0,,0.00
,Blue Gate Pharmacy,Blue Gate Pharmacy,CASH,6/24/26,Cash,10100,250000.00,,,-250000.00,,FALSE,FALSE,,6,52132,0.00,,0.00,0.00,,,,0.00,,11000,,0.00,0.00,0,,0.00,-62990.00,,,,,0.00,,,34,136,56488,,,,,,,,{00000000-0000-0000-0000-000000000000},,,,,0,,0.00
,Pill Box,Pill Box px.,CASH,6/24/26,Cash,10100,100000.00,,,-100000.00,,FALSE,FALSE,,1,51878,0.00,,0.00,0.00,,,,0.00,,11000,,0.00,0.00,0,,0.00,-100000.00,,,,,0.00,,,34,137,56489,,,,,,,,{00000000-0000-0000-0000-000000000000},,,,,0,,0.00
,Turmeric Pharmacy,Turmeric Pharmacy,CASH,6/24/26,Cash,10100,100000.00,,,-100000.00,,FALSE,FALSE,,3,51832,0.00,,0.00,0.00,,,,0.00,,11000,,0.00,0.00,0,,0.00,-24056.41,,,,,0.00,,,34,138,56490,,,,,,,,{00000000-0000-0000-0000-000000000000},,,,,0,,0.00
,Turmeric Pharmacy,Turmeric Pharmacy,CASH,6/24/26,Cash,10100,100000.00,,,-100000.00,,FALSE,FALSE,,3,51961,0.00,,0.00,0.00,,,,0.00,,11000,,0.00,0.00,0,,0.00,-28308.00,,,,,0.00,,,34,138,56490,,,,,,,,{00000000-0000-0000-0000-000000000000},,,,,0,,0.00
,Turmeric Pharmacy,Turmeric Pharmacy,CASH,6/24/26,Cash,10100,100000.00,,,-100000.00,,FALSE,FALSE,,3,51987,0.00,,0.00,0.00,,,,0.00,,11000,,0.00,0.00,0,,0.00,-47635.59,,,,,0.00,,,34,138,56490,,,,,,,,{00000000-0000-0000-0000-000000000000},,,,,0,,0.00
,B.J Pharmacy,B.J Pharmacy,CASH,6/24/26,Cash,10100,100000.00,,,-100000.00,,FALSE,FALSE,,1,51926,0.00,,0.00,0.00,,,,0.00,,11000,,0.00,0.00,0,,0.00,-100000.00,,,,,0.00,,,34,139,56491,,,,,,,,{00000000-0000-0000-0000-000000000000},,,,,0,,0.00
,Reddington Hospital,Reddington Hospital,CASH,6/25/26,Cash,10100,12600.00,,,-12600.00,,FALSE,FALSE,,1,52324,0.00,,0.00,0.00,,,,0.00,,11000,,0.00,0.00,0,,0.00,-12600.00,,,,,0.00,,,34,140,56492,,,,,,,,{00000000-0000-0000-0000-000000000000},,,,,0,,0.00
,Dr Taiwo Ojo,Dr Taiwo Ojo,TRANSFER,6/25/26,Check,10290,58020.00,,,-58020.00,,FALSE,FALSE,,1,52335,0.00,,0.00,0.00,,,,0.00,,11000,,0.00,0.00,0,,0.00,-58020.00,,,,,0.00,,,34,141,56493,,,,,,,,{00000000-0000-0000-0000-000000000000},,,,,0,,0.00
,Sundry,Sundry,TRANSFER,6/25/26,Check,10290,22825.00,,,-22825.00,,FALSE,FALSE,,1,52349,0.00,,0.00,0.00,,,,0.00,,11000,,0.00,0.00,0,,0.00,-22825.00,,,,,0.00,,,34,142,56494,,,,,,,,{00000000-0000-0000-0000-000000000000},,,,,0,,0.00
,Chest Clinic,Chest Clinic,CHEQUE,6/25/26,Check,10290,110610.00,,,-110610.00,,FALSE,FALSE,,1,52226,0.00,,0.00,0.00,,,,0.00,,11000,,0.00,0.00,0,,0.00,-110610.00,,,,,0.00,,,34,143,56495,,,,,,,,{00000000-0000-0000-0000-000000000000},,,,,0,,0.00
,Motayo Hospital,Motayo Hospital,CHEQUE,6/25/26,Check,10290,438026.00,,,-438026.00,,FALSE,FALSE,,1,51802,0.00,,0.00,0.00,,,,0.00,,11000,,0.00,0.00,0,,0.00,-438026.00,,,,,0.00,,,34,144,56496,,,,,,,,{00000000-0000-0000-0000-000000000000},,,,,0,,0.00
,Subol Hospital,Subol Hospital,CHEQUE,6/25/26,Check,10290,736874.00,,,-736874.00,,FALSE,FALSE,,2,51858,0.00,,0.00,0.00,,,,0.00,,11000,,0.00,0.00,0,,0.00,-331274.00,,,,,0.00,,,34,145,56497,,,,,,,,{00000000-0000-0000-0000-000000000000},,,,,0,,0.00
,Subol Hospital,Subol Hospital,CHEQUE,6/25/26,Check,10290,736874.00,,,-736874.00,,FALSE,FALSE,,2,52007,0.00,,0.00,0.00,,,,0.00,,11000,,0.00,0.00,0,,0.00,-405600.00,,,,,0.00,,,34,145,56497,,,,,,,,{00000000-0000-0000-0000-000000000000},,,,,0,,0.00
,Sundry,Sundry,TRANSFER,6/26/26,Check,10290,14230.00,,,-14230.00,,FALSE,FALSE,,1,52362,0.00,,0.00,0.00,,,,0.00,,11000,,0.00,0.00,0,,0.00,-14230.00,,,,,0.00,,,34,146,56498,,,,,,,,{00000000-0000-0000-0000-000000000000},,,,,0,,0.00
,AB 10 Hospital,AB 10 Hospital,TRANSFER,6/26/26,Check,10290,75635.00,,,-75635.00,,FALSE,FALSE,,1,52358,0.00,,0.00,0.00,,,,0.00,,11000,,0.00,0.00,0,,0.00,-75635.00,,,,,0.00,,,34,147,56499,,,,,,,,{00000000-0000-0000-0000-000000000000},,,,,0,,0.00
,Broadland Hospital,Broadland Hospital,TRANSFER,6/26/26,Check,10290,17850.00,,,-17850.00,,FALSE,FALSE,,1,52363,0.00,,0.00,0.00,,,,0.00,,11000,,0.00,0.00,0,,0.00,-17850.00,,,,,0.00,,,34,148,56500,,,,,,,,{00000000-0000-0000-0000-000000000000},,,,,0,,0.00
,Medwin Hospital,Medwin Hospital,TRANSFER,6/26/26,Check,10290,23800.00,,,-23800.00,,FALSE,FALSE,,1,52366,0.00,,0.00,0.00,,,,0.00,,11000,,0.00,0.00,0,,0.00,-23800.00,,,,,0.00,,,34,149,56501,,,,,,,,{00000000-0000-0000-0000-000000000000},,,,,0,,0.00
