bill_id,vendor_id,date,amount,balance,due_date,status
BILL-2026-0001,VEND-JNJ,2025-11-23,1157092.85,0.0,2025-12-23,Paid
BILL-2026-0002,VEND-PHARMAHUB,2025-10-27,411397.49,295932.41,2025-11-26,Partial
BILL-2026-0003,VEND-MSD,2026-01-13,500941.66,500941.66,2026-02-12,Open
BILL-2026-0004,VEND-JNJ,2025-11-15,403610.75,247020.43,2025-12-15,Partial
BILL-2026-0005,VEND-JNJ,2026-02-11,709499.79,0.0,2026-03-13,Paid
BILL-2026-0006,VEND-GSK,2025-10-19,755239.34,755239.34,2025-11-18,Open
BILL-2026-0007,VEND-JNJ,2025-11-05,972711.94,0.0,2025-12-05,Paid
BILL-2026-0008,VEND-LOGICOLD,2026-01-15,789378.2,0.0,2026-02-14,Paid
BILL-2026-0009,VEND-PFIZER,2025-11-24,179795.24,0.0,2025-12-24,Paid
BILL-2026-0010,VEND-GSK,2026-01-04,961129.85,961129.85,2026-02-03,Open
BILL-2026-0011,VEND-LOGICOLD,2025-11-11,218495.34,93886.47,2025-12-11,Partial
BILL-2026-0012,VEND-MEDSUPPLY,2026-01-21,296898.12,0.0,2026-02-20,Paid
BILL-2026-0013,VEND-LOGICOLD,2025-12-07,637028.08,637028.08,2026-01-06,Open
BILL-2026-0014,VEND-PFIZER,2026-01-11,1102875.32,862516.04,2026-02-10,Partial
BILL-2026-0015,VEND-JNJ,2025-11-09,1053548.56,0.0,2025-12-09,Paid
BILL-2026-0016,VEND-PHARMAHUB,2026-02-03,229055.43,165624.79,2026-03-05,Partial
BILL-2026-0017,VEND-MEDSUPPLY,2025-10-27,979184.04,979184.04,2025-11-26,Open
BILL-2026-0018,VEND-MEDSUPPLY,2026-02-11,368838.19,368838.19,2026-03-13,Open
BILL-2026-0019,VEND-LOGICOLD,2025-11-18,916383.11,916383.11,2025-12-18,Open
BILL-2026-0020,VEND-MEDSUPPLY,2025-10-30,791560.67,791560.67,2025-11-29,Open
BILL-2026-0021,VEND-SANOFI,2025-12-14,98277.85,54915.11,2026-01-13,Partial
BILL-2026-0022,VEND-AFRIHEALTH,2026-01-15,801847.19,0.0,2026-02-14,Paid
BILL-2026-0023,VEND-PHARMAHUB,2025-10-19,862217.2,0.0,2025-11-18,Paid
BILL-2026-0024,VEND-MSD,2026-01-26,121241.9,121241.9,2026-02-25,Open
BILL-2026-0025,VEND-PHARMAHUB,2026-01-29,179826.96,58374.57,2026-02-28,Partial
BILL-2026-0026,VEND-PHARMAHUB,2025-12-27,827649.43,0.0,2026-01-26,Paid
BILL-2026-0027,VEND-CLINLAB,2025-12-21,733694.59,0.0,2026-01-20,Paid
BILL-2026-0028,VEND-MEDSUPPLY,2025-11-21,181894.45,181894.45,2025-12-21,Open
BILL-2026-0029,VEND-MEDSUPPLY,2026-01-08,106969.4,106969.4,2026-02-07,Open
BILL-2026-0030,VEND-PHARMAHUB,2025-12-18,1144127.34,348552.72,2026-01-17,Partial
BILL-2026-0031,VEND-LOGICOLD,2025-12-05,1088916.72,0.0,2026-01-04,Paid
BILL-2026-0032,VEND-GSK,2025-12-24,381746.03,294691.11,2026-01-23,Partial
BILL-2026-0033,VEND-PHARMAHUB,2026-02-01,818928.67,0.0,2026-03-03,Paid
BILL-2026-0034,VEND-AFRIHEALTH,2026-02-10,127153.72,127153.72,2026-03-12,Open
BILL-2026-0035,VEND-PFIZER,2025-11-04,707973.11,707973.11,2025-12-04,Open
BILL-2026-0036,VEND-CLINLAB,2026-01-17,732612.88,0.0,2026-02-16,Paid
BILL-2026-0037,VEND-SANOFI,2026-01-01,945036.49,0.0,2026-01-31,Paid
BILL-2026-0038,VEND-AFRIHEALTH,2026-02-12,383320.58,304026.89,2026-03-14,Partial
BILL-2026-0039,VEND-CLINLAB,2026-01-11,972320.62,972320.62,2026-02-10,Open
BILL-2026-0040,VEND-GSK,2026-01-27,86792.17,0.0,2026-02-26,Paid
BILL-2026-0041,VEND-SANOFI,2025-11-29,435861.75,435861.75,2025-12-29,Open
BILL-2026-0042,VEND-GSK,2026-01-27,908141.4,0.0,2026-02-26,Paid
BILL-2026-0043,VEND-MSD,2025-12-14,576550.99,576550.99,2026-01-13,Open
BILL-2026-0044,VEND-AFRIHEALTH,2026-01-30,580766.12,580766.12,2026-03-01,Open
BILL-2026-0045,VEND-AFRIHEALTH,2026-02-07,891784.59,546125.93,2026-03-09,Partial
BILL-2026-0046,VEND-JNJ,2025-12-16,796974.97,796974.97,2026-01-15,Open
BILL-2026-0047,VEND-PHARMAHUB,2025-10-27,523827.5,0.0,2025-11-26,Paid
BILL-2026-0048,VEND-PHARMAHUB,2025-11-13,1097961.94,1097961.94,2025-12-13,Open
BILL-2026-0049,VEND-MSD,2026-01-02,757376.09,757376.09,2026-02-01,Open
BILL-2026-0050,VEND-JNJ,2025-11-25,785376.7,0.0,2025-12-25,Paid
BILL-2026-0051,VEND-LOGICOLD,2025-12-26,1193929.36,0.0,2026-01-25,Paid
BILL-2026-0052,VEND-PHARMAHUB,2025-12-10,754132.27,754132.27,2026-01-09,Open
BILL-2026-0053,VEND-MSD,2025-10-26,809825.64,448023.38,2025-11-25,Partial
BILL-2026-0054,VEND-SANOFI,2025-12-19,580257.06,580257.06,2026-01-18,Open
BILL-2026-0055,VEND-LOGICOLD,2025-10-30,582453.76,582453.76,2025-11-29,Open
BILL-2026-0056,VEND-MSD,2026-01-03,552243.33,0.0,2026-02-02,Paid
BILL-2026-0057,VEND-LOGICOLD,2026-01-24,846107.77,846107.77,2026-02-23,Open
BILL-2026-0058,VEND-MSD,2025-10-29,166461.72,166461.72,2025-11-28,Open
BILL-2026-0059,VEND-LOGICOLD,2025-11-01,217030.46,217030.46,2025-12-01,Open
BILL-2026-0060,VEND-CLINLAB,2025-12-03,442499.96,442499.96,2026-01-02,Open
BILL-2026-0061,VEND-LOGICOLD,2025-10-24,821834.79,0.0,2025-11-23,Paid
BILL-2026-0062,VEND-GSK,2026-01-07,748463.4,748463.4,2026-02-06,Open
BILL-2026-0063,VEND-AFRIHEALTH,2025-12-10,310394.85,0.0,2026-01-09,Paid
BILL-2026-0064,VEND-SANOFI,2025-10-27,192286.77,86944.11,2025-11-26,Partial
BILL-2026-0065,VEND-JNJ,2025-12-01,325559.78,325559.78,2025-12-31,Open
BILL-2026-0066,VEND-CLINLAB,2025-11-06,994822.35,0.0,2025-12-06,Paid
BILL-2026-0067,VEND-CLINLAB,2026-02-09,758164.25,0.0,2026-03-11,Paid
BILL-2026-0068,VEND-JNJ,2026-02-09,273870.16,0.0,2026-03-11,Paid
BILL-2026-0069,VEND-JNJ,2025-10-18,454001.86,454001.86,2025-11-17,Open
BILL-2026-0070,VEND-PFIZER,2025-12-02,812799.44,812799.44,2026-01-01,Open
BILL-2026-0071,VEND-GSK,2026-02-01,913106.29,913106.29,2026-03-03,Open
BILL-2026-0072,VEND-MEDSUPPLY,2025-12-16,455212.46,455212.46,2026-01-15,Open
BILL-2026-0073,VEND-LOGICOLD,2025-11-05,1133790.39,0.0,2025-12-05,Paid
BILL-2026-0074,VEND-GSK,2026-01-24,247873.18,0.0,2026-02-23,Paid
BILL-2026-0075,VEND-MSD,2026-01-09,570717.66,570717.66,2026-02-08,Open
BILL-2026-0076,VEND-AFRIHEALTH,2025-12-18,538027.62,538027.62,2026-01-17,Open
BILL-2026-0077,VEND-CLINLAB,2026-01-29,460045.33,460045.33,2026-02-28,Open
BILL-2026-0078,VEND-AFRIHEALTH,2025-12-12,665435.54,665435.54,2026-01-11,Open
BILL-2026-0079,VEND-SANOFI,2025-12-24,1182423.59,1182423.59,2026-01-23,Open
BILL-2026-0080,VEND-SANOFI,2026-01-05,1138216.22,0.0,2026-02-04,Paid
BILL-2026-0081,VEND-JNJ,2026-01-06,440778.26,440778.26,2026-02-05,Open
BILL-2026-0082,VEND-MEDSUPPLY,2026-01-21,215979.84,0.0,2026-02-20,Paid
BILL-2026-0083,VEND-SANOFI,2025-12-10,701357.63,0.0,2026-01-09,Paid
BILL-2026-0084,VEND-LOGICOLD,2026-02-03,518690.43,0.0,2026-03-05,Paid
BILL-2026-0085,VEND-MEDSUPPLY,2026-02-10,589522.3,589522.3,2026-03-12,Open
BILL-2026-0086,VEND-LOGICOLD,2025-12-01,555091.24,555091.24,2025-12-31,Open
BILL-2026-0087,VEND-MEDSUPPLY,2026-01-06,200145.91,200145.91,2026-02-05,Open
BILL-2026-0088,VEND-LOGICOLD,2026-01-22,975494.03,0.0,2026-02-21,Paid
BILL-2026-0089,VEND-LOGICOLD,2026-02-01,563484.31,563484.31,2026-03-03,Open
BILL-2026-0090,VEND-MEDSUPPLY,2025-11-29,522508.29,522508.29,2025-12-29,Open
BILL-2026-0091,VEND-JNJ,2025-11-09,453650.01,453650.01,2025-12-09,Open
BILL-2026-0092,VEND-PFIZER,2026-02-03,646846.11,646846.11,2026-03-05,Open
BILL-2026-0093,VEND-CLINLAB,2026-01-19,1093692.69,1093692.69,2026-02-18,Open
BILL-2026-0094,VEND-PFIZER,2026-01-13,186169.12,186169.12,2026-02-12,Open
BILL-2026-0095,VEND-PFIZER,2025-11-27,242742.86,0.0,2025-12-27,Paid
BILL-2026-0096,VEND-MSD,2026-01-21,1144960.12,0.0,2026-02-20,Paid
BILL-2026-0097,VEND-PHARMAHUB,2025-11-08,707021.1,0.0,2025-12-08,Paid
BILL-2026-0098,VEND-AFRIHEALTH,2025-11-22,787887.1,0.0,2025-12-22,Paid
BILL-2026-0099,VEND-LOGICOLD,2026-01-24,566931.98,566931.98,2026-02-23,Open
BILL-2026-0100,VEND-JNJ,2025-11-03,380381.24,380381.24,2025-12-03,Open
BILL-2026-0101,VEND-CLINLAB,2026-02-03,420760.87,420760.87,2026-03-05,Open
BILL-2026-0102,VEND-GSK,2025-12-27,1009817.19,1009817.19,2026-01-26,Open
BILL-2026-0103,VEND-MSD,2025-11-26,741310.2,741310.2,2025-12-26,Open
BILL-2026-0104,VEND-AFRIHEALTH,2025-12-04,1148281.57,0.0,2026-01-03,Paid
BILL-2026-0105,VEND-GSK,2025-12-17,1097226.45,0.0,2026-01-16,Paid
BILL-2026-0106,VEND-SANOFI,2026-01-02,753656.59,753656.59,2026-02-01,Open
BILL-2026-0107,VEND-GSK,2025-12-17,186957.12,82053.76,2026-01-16,Partial
BILL-2026-0108,VEND-MSD,2025-12-10,800123.61,800123.61,2026-01-09,Open
BILL-2026-0109,VEND-PHARMAHUB,2025-12-18,662197.47,0.0,2026-01-17,Paid
BILL-2026-0110,VEND-LOGICOLD,2025-12-27,1107268.57,1107268.57,2026-01-26,Open
BILL-2026-0111,VEND-LOGICOLD,2025-11-18,745611.02,0.0,2025-12-18,Paid
BILL-2026-0112,VEND-LOGICOLD,2026-02-04,442550.55,0.0,2026-03-06,Paid
BILL-2026-0113,VEND-MEDSUPPLY,2026-01-07,354755.24,276860.04,2026-02-06,Partial
BILL-2026-0114,VEND-AFRIHEALTH,2025-10-24,239921.86,239921.86,2025-11-23,Open
BILL-2026-0115,VEND-PFIZER,2025-10-18,465297.49,295074.91,2025-11-17,Partial
BILL-2026-0116,VEND-MEDSUPPLY,2026-01-27,742396.59,312007.04,2026-02-26,Partial
BILL-2026-0117,VEND-MEDSUPPLY,2025-11-22,964578.01,0.0,2025-12-22,Paid
BILL-2026-0118,VEND-CLINLAB,2026-02-01,800008.05,800008.05,2026-03-03,Open
BILL-2026-0119,VEND-LOGICOLD,2026-02-10,479735.37,479735.37,2026-03-12,Open
BILL-2026-0120,VEND-SANOFI,2025-12-31,1140865.14,1140865.14,2026-01-30,Open
