invoice_id,customer_id,date,amount,balance,due_date,status
INV-2026-0001,CUST-011,2025-12-13,481469.12,481469.12,2026-01-12,Open
INV-2026-0002,CUST-021,2025-11-28,760261.75,543323.99,2025-12-28,Partial
INV-2026-0003,CUST-001,2025-10-18,998786.72,998786.72,2025-11-17,Open
INV-2026-0004,CUST-004,2026-01-25,877258.06,877258.06,2026-02-24,Open
INV-2026-0005,CUST-005,2025-11-15,1376657.37,555123.18,2025-12-15,Partial
INV-2026-0006,CUST-006,2025-10-23,1308098.91,0.0,2025-11-22,Paid
INV-2026-0007,CUST-020,2026-02-10,1066740.96,1066740.96,2026-03-12,Open
INV-2026-0008,CUST-030,2026-01-17,1461143.16,1461143.16,2026-02-16,Open
INV-2026-0009,CUST-004,2026-01-16,1175216.28,1175216.28,2026-02-15,Open
INV-2026-0010,CUST-010,2025-12-21,1139125.73,1139125.73,2026-01-20,Open
INV-2026-0011,CUST-021,2025-12-07,830370.18,830370.18,2026-01-06,Open
INV-2026-0012,CUST-030,2026-01-30,229294.27,229294.27,2026-03-01,Open
INV-2026-0013,CUST-009,2026-02-01,100158.98,0.0,2026-03-03,Paid
INV-2026-0014,CUST-021,2025-12-07,330101.78,330101.78,2026-01-06,Open
INV-2026-0015,CUST-023,2025-10-26,911119.49,911119.49,2025-11-25,Open
INV-2026-0016,CUST-029,2026-01-05,888833.87,0.0,2026-02-04,Paid
INV-2026-0017,CUST-019,2026-01-06,720339.67,720339.67,2026-02-05,Open
INV-2026-0018,CUST-012,2026-02-02,1402935.35,1402935.35,2026-03-04,Open
INV-2026-0019,CUST-008,2026-01-17,609602.41,609602.41,2026-02-16,Open
INV-2026-0020,CUST-028,2025-10-31,1511932.87,0.0,2025-11-30,Paid
INV-2026-0021,CUST-030,2025-12-14,1353001.29,873936.61,2026-01-13,Partial
INV-2026-0022,CUST-029,2025-10-30,131064.16,0.0,2025-11-29,Paid
INV-2026-0023,CUST-011,2025-10-30,1262252.13,815303.95,2025-11-29,Partial
INV-2026-0024,CUST-009,2026-01-03,1240629.91,1240629.91,2026-02-02,Open
INV-2026-0025,CUST-028,2026-02-03,1344253.18,1344253.18,2026-03-05,Open
INV-2026-0026,CUST-027,2025-10-18,603753.01,0.0,2025-11-17,Paid
INV-2026-0027,CUST-028,2025-12-16,419353.76,0.0,2026-01-15,Paid
INV-2026-0028,CUST-013,2025-11-20,500367.45,500367.45,2025-12-20,Open
INV-2026-0029,CUST-025,2025-12-03,605917.62,605917.62,2026-01-02,Open
INV-2026-0030,CUST-022,2025-11-20,1461590.04,1461590.04,2025-12-20,Open
INV-2026-0031,CUST-009,2025-12-29,939758.06,207725.49,2026-01-28,Partial
INV-2026-0032,CUST-020,2025-10-24,597974.75,0.0,2025-11-23,Paid
INV-2026-0033,CUST-014,2026-01-14,655459.36,655459.36,2026-02-13,Open
INV-2026-0034,CUST-009,2026-02-01,1126282.59,1126282.59,2026-03-03,Open
INV-2026-0035,CUST-030,2025-12-24,624942.24,624942.24,2026-01-23,Open
INV-2026-0036,CUST-022,2025-11-20,1001691.12,0.0,2025-12-20,Paid
INV-2026-0037,CUST-004,2025-11-28,832863.24,0.0,2025-12-28,Paid
INV-2026-0038,CUST-011,2025-11-01,1109438.24,1109438.24,2025-12-01,Open
INV-2026-0039,CUST-007,2025-10-28,1062472.33,1062472.33,2025-11-27,Open
INV-2026-0040,CUST-024,2025-12-30,990574.2,990574.2,2026-01-29,Open
INV-2026-0041,CUST-018,2026-02-12,537138.05,537138.05,2026-03-14,Open
INV-2026-0042,CUST-026,2025-11-22,771557.82,771557.82,2025-12-22,Open
INV-2026-0043,CUST-007,2025-10-14,1249885.01,755903.95,2025-11-13,Partial
INV-2026-0044,CUST-022,2026-01-22,507909.22,0.0,2026-02-21,Paid
INV-2026-0045,CUST-020,2025-11-19,230878.38,76000.02,2025-12-19,Partial
INV-2026-0046,CUST-010,2025-12-17,1268549.01,1268549.01,2026-01-16,Open
INV-2026-0047,CUST-002,2025-12-12,1526626.91,0.0,2026-01-11,Paid
INV-2026-0048,CUST-025,2026-01-25,757630.52,391406.32,2026-02-24,Partial
INV-2026-0049,CUST-023,2025-11-06,814318.78,814318.78,2025-12-06,Open
INV-2026-0050,CUST-021,2026-02-11,1393820.05,957562.55,2026-03-13,Partial
INV-2026-0051,CUST-025,2025-10-27,413413.85,0.0,2025-11-26,Paid
INV-2026-0052,CUST-023,2025-10-17,168067.75,168067.75,2025-11-16,Open
INV-2026-0053,CUST-028,2026-01-12,759151.96,0.0,2026-02-11,Paid
INV-2026-0054,CUST-022,2025-11-23,1477307.63,793253.3,2025-12-23,Partial
INV-2026-0055,CUST-024,2025-10-06,715907.8,318759.73,2025-11-05,Partial
INV-2026-0056,CUST-006,2025-10-14,749851.5,0.0,2025-11-13,Paid
INV-2026-0057,CUST-027,2025-12-04,1209258.91,1209258.91,2026-01-03,Open
INV-2026-0058,CUST-021,2025-12-13,494539.29,494539.29,2026-01-12,Open
INV-2026-0059,CUST-010,2025-12-14,490345.48,490345.48,2026-01-13,Open
INV-2026-0060,CUST-018,2026-01-23,296334.26,296334.26,2026-02-22,Open
INV-2026-0061,CUST-023,2026-01-04,1122839.85,1122839.85,2026-02-03,Open
INV-2026-0062,CUST-014,2025-11-20,884499.21,884499.21,2025-12-20,Open
INV-2026-0063,CUST-007,2025-10-28,661688.76,0.0,2025-11-27,Paid
INV-2026-0064,CUST-023,2026-02-07,1341545.11,0.0,2026-03-09,Paid
INV-2026-0065,CUST-013,2025-10-13,103578.8,103578.8,2025-11-12,Open
INV-2026-0066,CUST-025,2025-11-05,1336766.77,575426.9,2025-12-05,Partial
INV-2026-0067,CUST-024,2025-12-18,805373.89,805373.89,2026-01-17,Open
INV-2026-0068,CUST-016,2026-02-05,660787.23,0.0,2026-03-07,Paid
INV-2026-0069,CUST-026,2025-11-01,1148683.9,0.0,2025-12-01,Paid
INV-2026-0070,CUST-030,2026-01-11,1521950.48,1521950.48,2026-02-10,Open
INV-2026-0071,CUST-030,2025-11-04,956203.99,0.0,2025-12-04,Paid
INV-2026-0072,CUST-003,2025-10-26,292442.75,292442.75,2025-11-25,Open
INV-2026-0073,CUST-002,2025-12-08,646596.12,646596.12,2026-01-07,Open
INV-2026-0074,CUST-011,2025-11-18,1202589.22,1202589.22,2025-12-18,Open
INV-2026-0075,CUST-025,2025-10-28,462055.08,462055.08,2025-11-27,Open
INV-2026-0076,CUST-001,2026-01-30,1549865.89,1549865.89,2026-03-01,Open
INV-2026-0077,CUST-021,2026-01-26,1231694.09,0.0,2026-02-25,Paid
INV-2026-0078,CUST-025,2026-02-05,1476685.07,1476685.07,2026-03-07,Open
INV-2026-0079,CUST-001,2026-01-04,442082.89,442082.89,2026-02-03,Open
INV-2026-0080,CUST-004,2025-12-19,771624.45,771624.45,2026-01-18,Open
INV-2026-0081,CUST-012,2026-01-01,976573.87,581155.67,2026-01-31,Partial
INV-2026-0082,CUST-025,2026-01-02,1498668.72,1498668.72,2026-02-01,Open
INV-2026-0083,CUST-001,2025-11-25,932784.24,379101.08,2025-12-25,Partial
INV-2026-0084,CUST-023,2025-12-24,205574.88,0.0,2026-01-23,Paid
INV-2026-0085,CUST-021,2025-12-12,243266.4,0.0,2026-01-11,Paid
INV-2026-0086,CUST-028,2026-01-13,1253510.6,1253510.6,2026-02-12,Open
INV-2026-0087,CUST-002,2025-11-16,870144.33,0.0,2025-12-16,Paid
INV-2026-0088,CUST-003,2025-10-06,1037175.43,1037175.43,2025-11-05,Open
INV-2026-0089,CUST-014,2025-10-10,248559.06,136601.05,2025-11-09,Partial
INV-2026-0090,CUST-027,2025-10-18,1124134.08,1124134.08,2025-11-17,Open
INV-2026-0091,CUST-024,2025-12-05,991152.48,620513.78,2026-01-04,Partial
INV-2026-0092,CUST-015,2025-10-24,1296443.84,0.0,2025-11-23,Paid
INV-2026-0093,CUST-011,2025-12-12,1303713.63,1303713.63,2026-01-11,Open
INV-2026-0094,CUST-029,2025-10-20,449821.3,449821.3,2025-11-19,Open
INV-2026-0095,CUST-020,2025-11-07,584457.08,584457.08,2025-12-07,Open
INV-2026-0096,CUST-011,2025-12-28,804385.15,804385.15,2026-01-27,Open
INV-2026-0097,CUST-009,2025-11-17,501903.1,0.0,2025-12-17,Paid
INV-2026-0098,CUST-029,2025-12-04,903675.95,903675.95,2026-01-03,Open
INV-2026-0099,CUST-007,2026-01-22,446173.05,446173.05,2026-02-21,Open
INV-2026-0100,CUST-018,2025-12-13,1099836.59,0.0,2026-01-12,Paid
INV-2026-0101,CUST-016,2025-10-21,1248717.32,1248717.32,2025-11-20,Open
INV-2026-0102,CUST-008,2025-11-01,1101550.31,1101550.31,2025-12-01,Open
INV-2026-0103,CUST-019,2025-11-10,783594.01,783594.01,2025-12-10,Open
INV-2026-0104,CUST-014,2025-11-20,606884.32,606884.32,2025-12-20,Open
INV-2026-0105,CUST-010,2025-12-10,430432.85,0.0,2026-01-09,Paid
INV-2026-0106,CUST-011,2026-01-13,1175891.95,681535.16,2026-02-12,Partial
INV-2026-0107,CUST-007,2025-12-19,1169669.77,1169669.77,2026-01-18,Open
INV-2026-0108,CUST-019,2025-12-02,1521642.97,0.0,2026-01-01,Paid
INV-2026-0109,CUST-010,2025-12-16,620081.96,620081.96,2026-01-15,Open
INV-2026-0110,CUST-023,2026-01-11,494122.98,249209.66,2026-02-10,Partial
INV-2026-0111,CUST-023,2026-01-11,1023100.35,0.0,2026-02-10,Paid
INV-2026-0112,CUST-004,2026-02-09,930263.44,930263.44,2026-03-11,Open
INV-2026-0113,CUST-015,2025-11-17,363249.14,363249.14,2025-12-17,Open
INV-2026-0114,CUST-028,2025-10-13,260996.79,260996.79,2025-11-12,Open
INV-2026-0115,CUST-016,2026-01-25,934565.78,0.0,2026-02-24,Paid
INV-2026-0116,CUST-005,2026-01-05,1275211.72,314785.37,2026-02-04,Partial
INV-2026-0117,CUST-008,2026-01-13,906996.27,906996.27,2026-02-12,Open
INV-2026-0118,CUST-020,2025-12-17,1223634.1,1223634.1,2026-01-16,Open
INV-2026-0119,CUST-030,2025-10-22,527648.81,0.0,2025-11-21,Paid
INV-2026-0120,CUST-014,2025-11-26,922355.88,922355.88,2025-12-26,Open
INV-2026-0121,CUST-024,2026-01-18,1473743.74,1473743.74,2026-02-17,Open
INV-2026-0122,CUST-007,2025-12-07,1055922.94,1055922.94,2026-01-06,Open
INV-2026-0123,CUST-006,2026-01-24,322754.96,322754.96,2026-02-23,Open
INV-2026-0124,CUST-023,2025-10-15,518782.27,518782.27,2025-11-14,Open
INV-2026-0125,CUST-023,2025-12-02,1117846.9,1117846.9,2026-01-01,Open
INV-2026-0126,CUST-022,2025-12-15,1439290.57,0.0,2026-01-14,Paid
INV-2026-0127,CUST-021,2025-12-24,713577.2,713577.2,2026-01-23,Open
INV-2026-0128,CUST-021,2026-01-05,1416738.65,0.0,2026-02-04,Paid
INV-2026-0129,CUST-003,2026-01-28,336417.66,336417.66,2026-02-27,Open
INV-2026-0130,CUST-024,2025-12-01,733968.27,733968.27,2025-12-31,Open
INV-2026-0131,CUST-010,2025-11-01,1466593.93,1466593.93,2025-12-01,Open
INV-2026-0132,CUST-016,2025-10-23,212042.89,212042.89,2025-11-22,Open
INV-2026-0133,CUST-014,2025-11-22,973403.35,973403.35,2025-12-22,Open
INV-2026-0134,CUST-008,2026-02-07,1549377.87,0.0,2026-03-09,Paid
INV-2026-0135,CUST-009,2026-02-02,1205323.6,1205323.6,2026-03-04,Open
INV-2026-0136,CUST-017,2025-10-22,1427885.91,1427885.91,2025-11-21,Open
INV-2026-0137,CUST-019,2025-10-24,1018611.77,1018611.77,2025-11-23,Open
INV-2026-0138,CUST-003,2025-10-15,601283.34,601283.34,2025-11-14,Open
INV-2026-0139,CUST-022,2026-01-17,1343001.65,1343001.65,2026-02-16,Open
INV-2026-0140,CUST-023,2025-10-09,514356.89,333026.19,2025-11-08,Partial
INV-2026-0141,CUST-018,2026-02-03,756771.7,756771.7,2026-03-05,Open
INV-2026-0142,CUST-011,2026-01-14,1506618.78,1506618.78,2026-02-13,Open
INV-2026-0143,CUST-017,2026-02-12,1051895.86,1051895.86,2026-03-14,Open
INV-2026-0144,CUST-014,2026-01-30,367932.6,367932.6,2026-03-01,Open
INV-2026-0145,CUST-025,2025-10-08,1004969.72,0.0,2025-11-07,Paid
INV-2026-0146,CUST-007,2025-12-06,894114.57,394272.21,2026-01-05,Partial
INV-2026-0147,CUST-023,2025-10-11,271674.95,145313.34,2025-11-10,Partial
INV-2026-0148,CUST-008,2026-01-03,547141.45,547141.45,2026-02-02,Open
INV-2026-0149,CUST-014,2026-01-20,421939.46,0.0,2026-02-19,Paid
INV-2026-0150,CUST-004,2025-10-17,1472973.38,0.0,2025-11-16,Paid
INV-2026-0151,CUST-005,2025-10-08,1452010.2,1452010.2,2025-11-07,Open
INV-2026-0152,CUST-023,2025-12-05,699538.45,699538.45,2026-01-04,Open
INV-2026-0153,CUST-016,2025-12-12,759624.32,759624.32,2026-01-11,Open
INV-2026-0154,CUST-007,2026-01-09,1352159.19,1352159.19,2026-02-08,Open
INV-2026-0155,CUST-026,2025-10-29,589518.48,0.0,2025-11-28,Paid
INV-2026-0156,CUST-009,2026-02-12,506530.72,506530.72,2026-03-14,Open
INV-2026-0157,CUST-019,2025-10-10,1353954.17,1353954.17,2025-11-09,Open
INV-2026-0158,CUST-016,2025-11-16,578700.14,0.0,2025-12-16,Paid
INV-2026-0159,CUST-013,2025-10-19,1452300.03,1073868.47,2025-11-18,Partial
INV-2026-0160,CUST-008,2025-11-06,434833.36,0.0,2025-12-06,Paid
INV-2026-0161,CUST-002,2025-11-23,1178546.0,0.0,2025-12-23,Paid
INV-2026-0162,CUST-026,2025-11-07,656744.58,0.0,2025-12-07,Paid
INV-2026-0163,CUST-027,2026-01-05,815703.19,815703.19,2026-02-04,Open
INV-2026-0164,CUST-017,2025-11-20,1360413.96,601532.08,2025-12-20,Partial
INV-2026-0165,CUST-017,2025-10-19,117330.75,117330.75,2025-11-18,Open
INV-2026-0166,CUST-028,2026-01-04,203875.1,0.0,2026-02-03,Paid
INV-2026-0167,CUST-009,2025-11-18,1001842.43,1001842.43,2025-12-18,Open
INV-2026-0168,CUST-003,2025-11-20,1335156.64,0.0,2025-12-20,Paid
INV-2026-0169,CUST-013,2025-11-23,1006992.81,471646.35,2025-12-23,Partial
INV-2026-0170,CUST-018,2026-02-03,993403.52,993403.52,2026-03-05,Open
INV-2026-0171,CUST-022,2025-12-01,1546254.72,0.0,2025-12-31,Paid
INV-2026-0172,CUST-014,2026-01-18,1201337.9,0.0,2026-02-17,Paid
INV-2026-0173,CUST-004,2025-10-22,337060.76,337060.76,2025-11-21,Open
INV-2026-0174,CUST-001,2026-02-01,566965.14,566965.14,2026-03-03,Open
INV-2026-0175,CUST-012,2025-11-09,721649.28,721649.28,2025-12-09,Open
INV-2026-0176,CUST-014,2025-12-28,342326.21,342326.21,2026-01-27,Open
INV-2026-0177,CUST-028,2025-11-07,996678.59,996678.59,2025-12-07,Open
INV-2026-0178,CUST-030,2026-01-07,432834.19,0.0,2026-02-06,Paid
INV-2026-0179,CUST-015,2025-12-09,1065253.24,485637.54,2026-01-08,Partial
INV-2026-0180,CUST-010,2026-01-03,202469.06,150476.71,2026-02-02,Partial
