sku,name,quantity,unit_cost,valuation,updated_at,expiry_date
VAC-MMR-001-001,MMR Vaccine (Measles-Mumps-Rubella),327,8551.86,2796458.22,2026-02-05,2026-07-08
VAC-MMRV-002-002,MMRV Combination Vaccine,377,8254.09,3111791.93,2026-02-11,2027-01-01
VAC-FLU-QIV-003-003,Flu Vaccine (Quadrivalent),20,7957.53,159150.6,2026-02-06,2026-11-18
VAC-FLU-HR-004-004,Flu Vaccine High-Risk Cohort,387,11500.83,4450821.21,2026-01-31,2026-06-25
VAC-VAR-005-005,Chickenpox (Varicella) Vaccine,142,32077.81,4555049.02,2026-02-13,2027-03-28
VAC-POL-IPV-006-006,Polio Vaccine (IPV),357,19042.11,6798033.27,2026-02-05,2026-05-23
VAC-POL-OPV-007-007,Polio Vaccine (OPV),390,16143.24,6295863.6,2026-02-11,2026-09-15
VAC-HEPA-008-008,Hepatitis A Vaccine,433,16391.31,7097437.23,2026-02-05,2026-03-27
VAC-HEPB-009-009,Hepatitis B Vaccine,274,9006.64,2467819.36,2026-02-01,2026-04-14
VAC-HEPAB-010-010,Hepatitis A/B Combined Vaccine,424,25985.16,11017707.84,2026-02-02,2026-12-25
VAC-MMR-001-011,MMR Vaccine (Measles-Mumps-Rubella),35,6344.28,222049.8,2026-02-06,2027-04-04
VAC-MMRV-002-012,MMRV Combination Vaccine,40,33624.21,1344968.4,2026-02-10,2026-09-15
VAC-FLU-QIV-003-013,Flu Vaccine (Quadrivalent),438,32909.52,14414369.76,2026-02-08,2026-09-10
VAC-FLU-HR-004-014,Flu Vaccine High-Risk Cohort,463,13797.15,6388080.45,2026-02-11,2027-01-10
VAC-VAR-005-015,Chickenpox (Varicella) Vaccine,273,29371.57,8018438.61,2026-02-08,2026-10-27
VAC-POL-IPV-006-016,Polio Vaccine (IPV),473,26367.99,12472059.27,2026-02-06,2027-02-18
VAC-POL-OPV-007-017,Polio Vaccine (OPV),393,30951.2,12163821.6,2026-02-06,2026-03-21
VAC-HEPA-008-018,Hepatitis A Vaccine,205,13822.87,2833688.35,2026-02-07,2026-12-20
VAC-HEPB-009-019,Hepatitis B Vaccine,161,11965.51,1926447.11,2026-01-29,2026-09-23
VAC-HEPAB-010-020,Hepatitis A/B Combined Vaccine,329,20263.31,6666628.99,2026-02-05,2026-05-15
VAC-MMR-001-021,MMR Vaccine (Measles-Mumps-Rubella),287,22963.53,6590533.11,2026-01-31,2026-12-28
VAC-MMRV-002-022,MMRV Combination Vaccine,112,38409.88,4301906.56,2026-02-09,2026-11-20
VAC-FLU-QIV-003-023,Flu Vaccine (Quadrivalent),521,6387.82,3328054.22,2026-02-10,2026-05-22
VAC-FLU-HR-004-024,Flu Vaccine High-Risk Cohort,546,27732.22,15141792.12,2026-02-11,2026-09-18
VAC-VAR-005-025,Chickenpox (Varicella) Vaccine,239,22631.15,5408844.85,2026-02-13,2027-02-16
VAC-POL-IPV-006-026,Polio Vaccine (IPV),349,34617.37,12081462.13,2026-02-05,2027-04-02
VAC-POL-OPV-007-027,Polio Vaccine (OPV),0,14690.95,0,2026-02-08,2026-10-23
VAC-HEPA-008-028,Hepatitis A Vaccine,369,34316.24,12662692.56,2026-02-05,2026-11-16
VAC-HEPB-009-029,Hepatitis B Vaccine,259,35555.56,9208890.04,2026-02-04,2027-01-26
VAC-HEPAB-010-030,Hepatitis A/B Combined Vaccine,101,9950.68,1005018.68,2026-02-08,2026-12-06
VAC-MMR-001-031,MMR Vaccine (Measles-Mumps-Rubella),472,22672.92,10701618.24,2026-02-13,2027-01-05
VAC-MMRV-002-032,MMRV Combination Vaccine,9,8569.94,77129.46,2026-02-02,2026-08-09
VAC-FLU-QIV-003-033,Flu Vaccine (Quadrivalent),166,34388.92,5708560.72,2026-02-11,2026-04-17
VAC-FLU-HR-004-034,Flu Vaccine High-Risk Cohort,562,7132.46,4008442.52,2026-02-09,2026-05-09
VAC-VAR-005-035,Chickenpox (Varicella) Vaccine,281,10364.78,2912503.18,2026-01-31,2026-06-21
VAC-POL-IPV-006-036,Polio Vaccine (IPV),386,29398.68,11347890.48,2026-02-07,2027-03-05
VAC-POL-OPV-007-037,Polio Vaccine (OPV),343,26700.89,9158405.27,2026-01-30,2026-11-24
VAC-HEPA-008-038,Hepatitis A Vaccine,126,12372.3,1558909.8,2026-02-03,2026-03-15
VAC-HEPB-009-039,Hepatitis B Vaccine,117,24630.43,2881760.31,2026-02-13,2026-04-10
VAC-HEPAB-010-040,Hepatitis A/B Combined Vaccine,0,12515.34,0,2026-02-12,2026-08-21
VAC-MMR-001-041,MMR Vaccine (Measles-Mumps-Rubella),121,14184.68,1716346.28,2026-01-29,2026-06-22
VAC-MMRV-002-042,MMRV Combination Vaccine,370,36326.83,13440927.1,2026-01-29,2026-07-07
VAC-FLU-QIV-003-043,Flu Vaccine (Quadrivalent),557,18517.92,10314481.44,2026-02-10,2026-04-23
VAC-FLU-HR-004-044,Flu Vaccine High-Risk Cohort,0,19074.6,0,2026-01-30,2027-03-13
VAC-VAR-005-045,Chickenpox (Varicella) Vaccine,334,37966.37,12680767.58,2026-02-10,2026-04-05
VAC-POL-IPV-006-046,Polio Vaccine (IPV),173,31779.97,5497934.81,2026-02-10,2026-07-10
VAC-POL-OPV-007-047,Polio Vaccine (OPV),274,19918.28,5457608.72,2026-01-31,2026-06-06
VAC-HEPA-008-048,Hepatitis A Vaccine,127,34270.18,4352312.86,2026-02-11,2026-10-17
VAC-HEPB-009-049,Hepatitis B Vaccine,438,23345.96,10225530.48,2026-02-12,2027-02-01
VAC-HEPAB-010-050,Hepatitis A/B Combined Vaccine,428,5297.34,2267261.52,2026-02-11,2027-03-25
VAC-MMR-001-051,MMR Vaccine (Measles-Mumps-Rubella),85,18496.15,1572172.75,2026-01-29,2026-06-22
VAC-MMRV-002-052,MMRV Combination Vaccine,462,6776.01,3130516.62,2026-02-01,2026-03-06
VAC-FLU-QIV-003-053,Flu Vaccine (Quadrivalent),182,36023.66,6556306.12,2026-01-30,2026-07-29
VAC-FLU-HR-004-054,Flu Vaccine High-Risk Cohort,504,38345.74,19326252.96,2026-01-29,2026-05-23
VAC-VAR-005-055,Chickenpox (Varicella) Vaccine,111,37445.51,4156451.61,2026-02-12,2027-03-22
VAC-POL-IPV-006-056,Polio Vaccine (IPV),25,24486.78,612169.5,2026-02-08,2026-04-03
VAC-POL-OPV-007-057,Polio Vaccine (OPV),0,33490.24,0,2026-02-11,2027-01-03
VAC-HEPA-008-058,Hepatitis A Vaccine,441,12726.37,5612329.17,2026-02-10,2026-12-21
VAC-HEPB-009-059,Hepatitis B Vaccine,304,6139.29,1866344.16,2026-02-11,2026-10-05
VAC-HEPAB-010-060,Hepatitis A/B Combined Vaccine,289,22417.78,6478738.42,2026-02-05,2026-06-17
