staff_id,full_name,email,department,role,status
EMP-001,Amina Yusuf,amina.yusuf@placeware.ng,Operations,Cold Chain Logistics Officer,active
EMP-002,Chidi Okafor,chidi.okafor@placeware.ng,Operations,Vaccine Distribution Coordinator,active
EMP-003,Bolanle Adeyemi,bolanle.adeyemi@placeware.ng,Operations,Warehouse Supervisor,active
EMP-004,Ifeanyi Nwosu,ifeanyi.nwosu@placeware.ng,Sales,Key Account Manager,active
EMP-005,Fatima Bello,fatima.bello@placeware.ng,Sales,Immunization Program Sales Lead,active
EMP-006,Tosin Adebayo,tosin.adebayo@placeware.ng,Finance,AR and Collections Analyst,active
EMP-007,Ngozi Ibe,ngozi.ibe@placeware.ng,Finance,Management Accountant,inactive
EMP-008,Samuel Etim,samuel.etim@placeware.ng,HR,People Operations Specialist,active
EMP-009,Uche Obasi,uche.obasi@placeware.ng,Management,Regional Operations Manager,active
EMP-010,Mariam Danjuma,mariam.danjuma@placeware.ng,Management,Clinical Partnerships Director,active
EMP-011,Adeola James,adeola.james@placeware.ng,Operations,Cold Chain Logistics Officer,active
EMP-012,Kelechi Ugo,kelechi.ugo@placeware.ng,Operations,Vaccine Distribution Coordinator,active
EMP-013,Grace Peter,grace.peter@placeware.ng,Operations,Warehouse Supervisor,active
EMP-014,Abdullahi Musa,abdullahi.musa@placeware.ng,Sales,Key Account Manager,active
EMP-015,Vivian Onoh,vivian.onoh@placeware.ng,Sales,Immunization Program Sales Lead,active
EMP-016,Daniel Akpan,daniel.akpan@placeware.ng,Finance,AR and Collections Analyst,active
EMP-017,Deborah Akin,deborah.akin@placeware.ng,Finance,Management Accountant,active
EMP-018,Seyi Lawal,seyi.lawal@placeware.ng,HR,People Operations Specialist,active
EMP-019,Olaide Hassan,olaide.hassan@placeware.ng,Management,Regional Operations Manager,inactive
EMP-020,Nnamdi Eze,nnamdi.eze@placeware.ng,Management,Clinical Partnerships Director,active
EMP-021,Rachael Okon,rachael.okon@placeware.ng,Operations,Cold Chain Logistics Officer,active
EMP-022,Mahmood Sani,mahmood.sani@placeware.ng,Operations,Vaccine Distribution Coordinator,active
EMP-023,Chinonso Obi,chinonso.obi@placeware.ng,Operations,Warehouse Supervisor,active
EMP-024,Bimpe Alao,bimpe.alao@placeware.ng,Sales,Key Account Manager,active
EMP-025,Hassan Idris,hassan.idris@placeware.ng,Sales,Immunization Program Sales Lead,active
EMP-026,Amaka Udoh,amaka.udoh@placeware.ng,Finance,AR and Collections Analyst,active
EMP-027,Tunde Folarin,tunde.folarin@placeware.ng,Finance,Management Accountant,active
EMP-028,Zainab Abubakar,zainab.abubakar@placeware.ng,HR,People Operations Specialist,inactive
EMP-029,Kelvin Umeh,kelvin.umeh@placeware.ng,Management,Regional Operations Manager,active
EMP-030,Patience Ndukwe,patience.ndukwe@placeware.ng,Management,Clinical Partnerships Director,active
