account_id,account_code,account_name,account_type,description,is_active
0100,0100,aqX,Income,Dq,true
0200,0200,"Dipth,Tetan,pertu(w),",Income,Chronic Hep BTreat(la,true
0300,0300,f1p,Income,Dib,true
0400,0400,Chicken Pox Vaccine,Income,Chicken Pox Vaccine(zol,true
0500,0500,ÿÿÿÿMarketing Expenses- Mrs Jegede's'sÿÿÿÿMarketing expenses-Ajayi Temil2s2sÿÿÿÿMeals and Entertainment,Expense,Meningitis Vaccine,true
0600,0600,Actrapid HM 40 i.u,Income,Stamaril 1 Vial,true
0700,0700,A$)5,Income,svu&,true
0800,0800,Tetraxim,Income,Anti Rabis,true
0900,0900,Insulatard 100  I.U,Income,Insulatard 40  I.U,true
1000,1000,Local Payrol,Income,Oka-Ceft Cur,true
1100,1100,Cost of Sales-notions,Expense,Cost of Sales-accessories,true
1200,1200,Accum. Deprec - M/V,Income,Accum.,true
1300,1300,Core Deposits,Income,Core Deposit,true
1400,1400,Cooperative (B) A/C,Income,Coop,true
1500,1500,WTH Tax Payable,Liability,WTH Tax Paya,true
1600,1600,Thymoglobulin 25mg/5ml,Income,Thymoglobulin 25mg/5m,true
1700,1700,Hepatitis B Vaccines,Income,DP,true
1800,1800,s(E,Income,Chicken Pox Vaccine(zolon),true
1900,1900,Hepatitis B Vaccine,Income,DP,true
2000,2000,Marketing expense - Mr A,Expense,Marketing expense- Mr Vi,true
2100,2100,31a,Income,43H5,true
2200,2200,Uyo Transaction,Income,Actrapid 100 i.u,true
2300,2300,UNI FRESH 30UD,Income,"R6""P",true
2400,2400,684Q,Income,1yu,true
2500,2500,uvWA,Income,fuc9,true
2600,2600,Actrapid Penfill 100 I.U,Income,Special Order,true
2700,2700,Flu Vaccines,Income,Qw(,true
2800,2800,RHOCLONE,Income,Lilly(CHI) Insulin,true
2900,2900,Acti,Income,Alle,true
3000,3000,Mixtard 30 HM 40 i.u,Income,HSC6,true
3100,3100,Accounts Receivable,Asset,9VHC3,true
3200,3200,Automobiles,Income,Autom,true
3300,3300,Prevenar 13,Income,Uw,true
3400,3400,Euvichol - S,Income,PAx4,true
3500,3500,Motor oil/ fuel,Income,,true
3600,3600,Delivery Expense,Expense,DgP,true
3700,3700,Nucard 80mg,Income,Marketing Exp - Mr demilade,true
3800,3800,Business telephone  Expense,Expense,Business telephone  Expe,true
3900,3900,Accrued Rent,Expense,Accrued Pension,true
4000,4000,Industrial Training Fund,Income,Marketiing Exp- Mr Oladi,true
4200,4200,Marketing Exp-Mr Femi Og,Income,"Dipthteria,Tetanu,Pertu",true
4300,4300,Accum.,Income,Deposits,true
4400,4400,Employee Benefit  Exp,Income,Employee Welfare & Gift,true
4500,4500,Octapharm C/A,Income,Octa,true
4600,4600,Q6CG,Income,BC0u,true
4700,4700,Guaranty Trust Bank,Asset,Gsk Bank Guarantee(Fixed),true
4800,4800,Travelling Expenses,Expense,Bad Debt,true
4900,4900,Advertising Expense,Expense,Synflorix,true
5000,5000,Deprec. Motor Vehicle,Income,swC,true
5100,5100,u#)v,Income,RHOCLONE,true
5200,5200,BHu,Income,Pentavalent,true
