item_id,item_name,item_description,category,unit,quantity_on_hand,unit_cost,selling_price,is_active
IMENACTRA001,MENACTRA,U8821AA,Pharmaceutical,EA,0,0.00,0.00,true
IROTARIX003,ROTARIX,VBeP,Pharmaceutical,EA,0,0.00,0.00,true
ICLEXANE004,CLEXANE 40mg,FSI84A,Pharmaceutical,EA,0,0.00,0.00,true
IAPROVEL006,APROVEL TAB 150,APROVEL TAB 150/(C,Pharmaceutical,EA,0,0.00,0.00,true
IAVAXIMI008,Avaxim inj. Ped,X3C763V,Pharmaceutical,EA,0,0.00,0.00,true
IKEPPRA5009,KEPPRA 500MG,LANTUS CARTRIDGE 3ML,Pharmaceutical,EA,0,0.00,0.00,true
IPREVENAR010,PREVENAR 13,APO737,Pharmaceutical,EA,0,0.00,0.00,true
INOVOMIX3011,NOVOMIX30 FLEXPEN,NOVOMIX30 FLEXPEN,Pharmaceutical,EA,0,0.00,0.00,true
IREVACB015,REVAC B,RHOCLONE,Pharmaceutical,EA,0,0.00,0.00,true
INUCARD8017,Nucard 80mg,02/27,Pharmaceutical,EA,0,0.00,0.00,true
IAPIDRAS020,APIDRA SOLOSTAR,8F649A,Pharmaceutical,EA,0,0.00,0.00,true
ICOAPROVE021,COAPROVEL TAB 300/12rl,7A570,Pharmaceutical,EA,0,0.00,0.00,true
ICLEXANE022,CLEXANE,AS19F,Pharmaceutical,EA,0,0.00,0.00,true
IFLEMINI023,FLEMIN INJ. 600G,N180040,Pharmaceutical,EA,0,0.00,0.00,true
ICLEXANE026,CLEXANE 60mg,"6""P",Pharmaceutical,EA,0,0.00,0.00,true
IADACELP027,ADACEL POLIO,V3G815V,Pharmaceutical,EA,0,0.00,0.00,true
IMIXTARD028,MIXTARD 30HM 100 I.U,GS64G94,Pharmaceutical,EA,0,0.00,0.00,true
IHUMALOG030,Humalog Mix 25,C838698D,Pharmaceutical,EA,0,0.00,0.00,true
IMIXTARD032,MIXTARD 30HM 100,q'a,Pharmaceutical,EA,0,0.00,0.00,true
IHEXAXIM035,HEXAXIM,T3M263V,Pharmaceutical,EA,0,0.00,0.00,true
ISPECIAL036,Special Order,STAMARIL 1 VIAL,Pharmaceutical,EA,0,0.00,0.00,true
INIMENRIX037,NIMENRIX,A90CA338A,Pharmaceutical,EA,0,0.00,0.00,true
ITRESIBA041,Tresiba,ECUP,Pharmaceutical,EA,0,0.00,0.00,true
ITYPHERIX043,TYPHERIX,TYPHIM,Pharmaceutical,EA,0,0.00,0.00,true
INOVORAPI045,NOVORAPID FLEXPEN,NOVORAPID FLEXPEN,Pharmaceutical,EA,0,0.00,0.00,true
IGENEVAC054,GENEVAC,0342Q003D,Pharmaceutical,EA,0,0.00,0.00,true
IENGB20056,ENG B 20 mcg,ENG B 20 mcg,Pharmaceutical,EA,0,0.00,0.00,true
IHAVRIX060,HAVRIX,AHAVB965BI,Pharmaceutical,EA,0,0.00,0.00,true
INUCARD1062,Nucard 160mg,3C238,Pharmaceutical,EA,0,0.00,0.00,true
ITYPHIM066,TYPHIM,V4P,Pharmaceutical,EA,0,0.00,0.00,true
IROTARI068,ROTARI,ROTARIX,Pharmaceutical,EA,0,0.00,0.00,true
