vendor_id,vendor_name,contact_name,phone,email,payment_terms
VKLAVIDP001,Klavid Pharmacy,Airborne,,,Net 30
VWORLDWI002,World wide (Novo,,08025670306,,Net 30
VAIRBORNE003,Airborne,I a,07042280460,,Net 30
VOCTAPHAR004,Octapharma Ltd,"64,Aina Street Ojodu",07042280460,,Net 30
VHANDDEL005,Hand Deliver,Airborne,,,Net 30
VLOCALPU006,Local Purchase (BCG,,,,Net 30
VDANAXNI007,DANAX NIG. LTD,Airborne,,,Net 30
VALPHAPH008,Alpha Phamacy,Airborne,,,Net 30
VWORLDWI009,World wide,Airborne,,,Net 30
VSMITHKLI010,Smithkline Becham Nig. Ltd(special ord,,,,Net 30
VWORLDWI011,World Wide Commercial Ventures Ltd,,,,Net 30
